{"train/loss_rpn_cls": 0.0878846175968647, "train/loss_rpn_bbox": 0.02971608527004719, "train/s0.loss_cls": 0.25776949226856233, "train/s0.acc": 93.5791015625, "train/s0.loss_bbox": 0.14869976416230202, "train/s1.loss_cls": 0.09459789395332337, "train/s1.acc": 95.966796875, "train/s1.loss_bbox": 0.06845732592046261, "train/s2.loss_cls": 0.03144137803465128, "train/s2.acc": 97.69775390625, "train/s2.loss_bbox": 0.018820717185735702, "train/loss": 0.7373872756958008, "train/grad_norm": 3.061828303337097, "learning_rate": 3.6928571428571436e-05, "momentum": 0.9, "_runtime": 203, "_timestamp": 1633103989, "_step": 140}