{"train/loss_rpn_cls": 0.08206666931509972, "train/loss_rpn_bbox": 0.022339602187275886, "train/s0.loss_cls": 0.21139830946922303, "train/s0.acc": 95.52734375, "train/s0.loss_bbox": 0.09228512961417437, "train/s1.loss_cls": 0.0852954851463437, "train/s1.acc": 96.7626953125, "train/s1.loss_bbox": 0.05699888840317726, "train/s2.loss_cls": 0.027515383996069433, "train/s2.acc": 98.1884765625, "train/s2.loss_bbox": 0.016281504277139904, "train/loss": 0.5941809713840485, "train/grad_norm": 3.6684159994125367, "learning_rate": 4.782617065971742e-05, "momentum": 0.9, "_runtime": 476, "_timestamp": 1633938865, "_step": 287, "val/bbox_mAP": 0.001, "val/bbox_mAP_50": 0.005, "val/bbox_mAP_75": 0.0, "val/bbox_mAP_s": 0.0, "val/bbox_mAP_m": 0.003, "val/bbox_mAP_l": 0.001, "_wandb": {"runtime": 481}}