{"train/loss_rpn_cls": 0.02109072469174862, "train/loss_rpn_bbox": 0.033279205486178395, "train/s0.loss_cls": 0.33627762347459794, "train/s0.acc": 90.09765396118163, "train/s0.loss_bbox": 0.16553792357444763, "train/s1.loss_cls": 0.16924254223704338, "train/s1.acc": 89.71155395507813, "train/s1.loss_bbox": 0.13884141594171523, "train/s2.loss_cls": 0.07905737087130546, "train/s2.acc": 91.20438842773437, "train/s2.loss_bbox": 0.07875492237508297, "train/loss": 1.0220817178487778, "train/grad_norm": 6.501269817352295, "learning_rate": 4.99229338827948e-05, "momentum": 0.9, "_runtime": 2827, "_timestamp": 1634040152, "_step": 1735, "val/bbox_mAP": 0.21, "val/bbox_mAP_50": 0.362, "val/bbox_mAP_75": 0.219, "val/bbox_mAP_s": 0.002, "val/bbox_mAP_m": 0.054, "val/bbox_mAP_l": 0.255}