{"train/loss_rpn_cls": 0.01285601313575171, "train/loss_rpn_bbox": 0.013882745639421046, "train/s0.loss_cls": 0.07660266356542707, "train/s0.acc": 97.1044921875, "train/s0.loss_bbox": 0.052895949315279724, "train/s1.loss_cls": 0.032594386301934716, "train/s1.acc": 97.58471755981445, "train/s1.loss_bbox": 0.04861915884539485, "train/s2.loss_cls": 0.016740770358592272, "train/s2.acc": 97.64967651367188, "train/s2.loss_bbox": 0.03148215990513563, "train/loss": 0.28567384332418444, "train/grad_norm": 3.608062982559204, "learning_rate": 7.741611720520421e-08, "momentum": 0.9, "_runtime": 45751, "_timestamp": 1633168816, "_step": 39081, "val/bbox_mAP": 0.437, "val/bbox_mAP_50": 0.598, "val/bbox_mAP_75": 0.468, "val/bbox_mAP_s": 0.008, "val/bbox_mAP_m": 0.177, "val/bbox_mAP_l": 0.509, "_wandb": {"runtime": 45754}}