{"train/loss_cls": 0.0, "train/loss_bbox": 0.0, "train/loss_obj": 1260.3133178710937, "train/loss": 1260.3133178710937, "train/grad_norm": 65463.3203125, "learning_rate": 9.349999999999997e-06, "momentum": 0.9, "_runtime": 45, "_timestamp": 1633664940, "_step": 30}