{"train/loss_rpn_cls": 0.40278805792331696, "train/loss_rpn_bbox": 0.5132811963558197, "train/s0.loss_cls": 0.10503159165382385, "train/s0.acc": 98.0186866760254, "train/s0.loss_bbox": 0.015116899646818638, "train/s1.loss_cls": 0.054510169103741644, "train/s1.acc": 98.62946014404297, "train/s1.loss_bbox": 0.007209929567761719, "train/s2.loss_cls": 0.032892186753451826, "train/s2.acc": 98.90674362182617, "train/s2.loss_bbox": 0.002388243388850242, "train/loss": 1.1332182884216309, "train/grad_norm": 1.5145738303661347, "learning_rate": 2.961999999999999e-05, "momentum": 0.9, "_runtime": 361, "_timestamp": 1632811125, "_step": 110, "_wandb": {"runtime": 376}}