{"train/loss_rpn_cls": 0.10087211579084396, "train/loss_rpn_bbox": 0.027465609507635234, "train/s0.loss_cls": 0.22722773104906083, "train/s0.acc": 94.35546875, "train/s0.loss_bbox": 0.1411380223929882, "train/s1.loss_cls": 0.08411064334213733, "train/s1.acc": 95.966796875, "train/s1.loss_bbox": 0.06661513596773147, "train/s2.loss_cls": 0.0242534845136106, "train/s2.acc": 97.998046875, "train/s2.loss_bbox": 0.016292512882500887, "train/loss": 0.6879752725362778, "train/grad_norm": 4.688164210319519, "learning_rate": 3.185e-05, "momentum": 0.9, "_runtime": 181, "_timestamp": 1633304390, "_step": 180}