{"train/loss_rpn_cls": 0.6803692281246185, "train/loss_rpn_bbox": 6.601232123374939, "train/s0.loss_cls": 1.094544391334057, "train/s0.acc": 67.275390625, "train/s0.loss_bbox": 0.45424688830971716, "train/s1.loss_cls": 0.3417160212993622, "train/s1.acc": 84.661865234375, "train/s1.loss_bbox": 0.022731402516365053, "train/s2.loss_cls": 0.2931675471365452, "train/s2.acc": 59.71435546875, "train/s2.loss_bbox": 0.011314457701519131, "train/loss": 9.499322009086608, "train/grad_norm": 3369.7805458068847, "learning_rate": 1.3419999999999999e-05, "momentum": 0.9, "_runtime": 63, "_timestamp": 1632922941, "_step": 20}