{"train/loss_rpn_cls": 0.6652236402034759, "train/loss_rpn_bbox": 0.03075923230499029, "train/s0.loss_cls": 2.1595117926597593, "train/s0.acc": 51.4111328125, "train/s0.loss_bbox": 0.060050411894917485, "train/s1.loss_cls": 1.1372142747044562, "train/s1.acc": 51.435546875, "train/s1.loss_bbox": 0.03695649420842528, "train/s2.loss_cls": 0.02276214202865958, "train/s2.acc": 99.0185546875, "train/s2.loss_bbox": 0.011380353756248952, "train/loss": 4.123858320713043, "train/grad_norm": 96.58365249633789, "learning_rate": 6.35e-06, "momentum": 0.9, "_runtime": 17, "_timestamp": 1633170675, "_step": 10}