{"train/loss_rpn_cls": 0.6683381915092468, "train/loss_rpn_bbox": 0.032112705148756505, "train/s0.loss_cls": 1.6659396439790726, "train/s0.acc": 67.847900390625, "train/s0.loss_bbox": 0.10234727896749973, "train/s1.loss_cls": 0.263955532759428, "train/s1.acc": 86.65283203125, "train/s1.loss_bbox": 0.0234842742793262, "train/s2.loss_cls": 0.3876867465674877, "train/s2.acc": 63.5693359375, "train/s2.loss_bbox": 0.007516368106007576, "train/loss": 3.151380741596222, "train/grad_norm": 45.08651146888733, "learning_rate": 1.1619999999999997e-05, "momentum": 0.9, "_runtime": 35, "_timestamp": 1632935984, "_step": 10, "_wandb": {"runtime": 42}}