{"train/loss_rpn_cls": 0.12084964588284493, "train/loss_rpn_bbox": 0.03806962333619594, "train/s0.loss_cls": 0.3097364462912083, "train/s0.acc": 94.0625, "train/s0.loss_bbox": 0.15972914919257164, "train/s1.loss_cls": 0.08961108466610312, "train/s1.acc": 97.119140625, "train/s1.loss_bbox": 0.05510443306993693, "train/s2.loss_cls": 0.02769654579460621, "train/s2.acc": 98.57421875, "train/s2.loss_bbox": 0.007679674896644428, "train/loss": 0.8084765955805778, "train/grad_norm": 5.680141043663025, "learning_rate": 2.2850000000000003e-05, "momentum": 0.9, "_runtime": 134, "_timestamp": 1633994994, "_step": 120, "_wandb": {"runtime": 137}}