{"train/loss_rpn_cls": 0.1386065036058426, "train/loss_rpn_bbox": 0.014437592681497335, "train/s0.loss_cls": 0.2943392127752304, "train/s0.acc": 93.8623046875, "train/s0.loss_bbox": 0.12251274809241294, "train/s1.loss_cls": 0.06328860372304916, "train/s1.acc": 98.09814453125, "train/s1.loss_bbox": 0.02483531702309847, "train/s2.loss_cls": 0.02057109884917736, "train/s2.acc": 98.75244140625, "train/s2.loss_bbox": 0.009455185290426016, "train/loss": 0.6880462557077408, "train/grad_norm": 2.9604971408843994, "learning_rate": 2.961999999999999e-05, "momentum": 0.9, "_runtime": 196, "_timestamp": 1632885228, "_step": 110}