{"train/loss_rpn_cls": 0.6388209581375122, "train/loss_rpn_bbox": 0.031704540364444256, "train/s0.loss_cls": 0.2580707646906376, "train/s0.acc": 95.44921875, "train/s0.loss_bbox": 0.09099779753014445, "train/s1.loss_cls": 0.05479166209697724, "train/s1.acc": 98.6962890625, "train/s1.loss_bbox": 0.025453578028827906, "train/s2.loss_cls": 0.024538511596620082, "train/s2.acc": 98.759765625, "train/s2.loss_bbox": 0.007132519455626607, "train/loss": 1.1315102756023407, "train/grad_norm": 6.524501466751099, "learning_rate": 7.850000000000001e-06, "momentum": 0.9, "_runtime": 35, "_timestamp": 1633553108, "_step": 20, "_wandb": {"runtime": 44}}