{"train/loss_rpn_cls": 0.13316921828314662, "train/loss_rpn_bbox": 0.04853013623040169, "train/s0.loss_cls": 0.4276935701072216, "train/s0.acc": 89.4912109375, "train/s0.loss_bbox": 0.26087645210325716, "train/s1.loss_cls": 0.109954635463655, "train/s1.acc": 95.4306640625, "train/s1.loss_bbox": 0.07996004050597548, "train/s2.loss_cls": 0.02833546590525657, "train/s2.acc": 98.091796875, "train/s2.loss_bbox": 0.014332441395090427, "train/loss": 1.1028519585728644, "learning_rate": 3.690999999999999e-05, "momentum": 0.9, "_runtime": 195, "_timestamp": 1633968867, "_step": 300, "_wandb": {"runtime": 204}}