{"train/loss_rpn_cls": 0.1403548676520586, "train/loss_rpn_bbox": 0.09348401688039303, "train/s0.loss_cls": 0.4139489710330963, "train/s0.acc": 88.1884765625, "train/s0.loss_bbox": 0.17796970643103122, "train/s1.loss_cls": 0.22014011144638063, "train/s1.acc": 86.83526916503907, "train/s1.loss_bbox": 0.1571918237954378, "train/s2.loss_cls": 0.10197764113545418, "train/s2.acc": 87.57304763793945, "train/s2.loss_bbox": 0.07928936071693897, "train/loss": 1.3843564689159393, "train/grad_norm": 1.9748681902885437, "learning_rate": 0.00020000000000000004, "momentum": 0.9, "_runtime": 22872, "_timestamp": 1632869929, "_step": 14331}