{"train/loss_rpn_cls": 0.12092535085976124, "train/loss_rpn_bbox": 0.049419290549121794, "train/s0.loss_cls": 0.32732544392347335, "train/s0.acc": 90.673828125, "train/s0.loss_bbox": 0.1719459757208824, "train/s1.loss_cls": 0.15149132199585438, "train/s1.acc": 91.8359375, "train/s1.loss_bbox": 0.12335265502333641, "train/s2.loss_cls": 0.06534906309098006, "train/s2.acc": 93.427734375, "train/s2.loss_bbox": 0.047929106280207634, "train/loss": 1.0577382355928422, "train/grad_norm": 8.35664885044098, "learning_rate": 5e-05, "momentum": 0.9, "_runtime": 726, "_timestamp": 1633623156, "_step": 640}