{"train/loss_rpn_cls": 0.04490684596821666, "train/loss_rpn_bbox": 0.027910842513665556, "train/s0.loss_cls": 0.2545613646507263, "train/s0.acc": 92.705078125, "train/s0.loss_bbox": 0.13172489143908023, "train/s1.loss_cls": 0.11877866797149181, "train/s1.acc": 92.646484375, "train/s1.loss_bbox": 0.11407695487141609, "train/s2.loss_cls": 0.05705981589853763, "train/s2.acc": 92.94921875, "train/s2.loss_bbox": 0.0508464802056551, "train/loss": 0.7998658865690231, "train/grad_norm": 5.486142468452454, "learning_rate": 5e-05, "momentum": 0.9, "_runtime": 955, "_timestamp": 1633624146, "_step": 970}