{"train/loss_rpn_cls": 0.12280287444591523, "train/loss_rpn_bbox": 0.02328619931358844, "train/s0.loss_cls": 0.2175951734185219, "train/s0.acc": 95.9423828125, "train/s0.loss_bbox": 0.11878992486745119, "train/s1.loss_cls": 0.05828942153602838, "train/s1.acc": 98.1640625, "train/s1.loss_bbox": 0.031726551707834005, "train/s2.loss_cls": 0.016733792377635837, "train/s2.acc": 99.0625, "train/s2.loss_bbox": 0.006480903155170381, "train/loss": 0.5957048490643502, "train/grad_norm": 4.047641706466675, "learning_rate": 2.6214285714285716e-05, "momentum": 0.9, "_runtime": 86, "_timestamp": 1633122929, "_step": 90}