{"train/loss_rpn_cls": 0.006023585406364873, "train/loss_rpn_bbox": 0.012758344132453203, "train/s0.loss_cls": 0.06387667339295149, "train/s0.acc": 97.3779296875, "train/s0.loss_bbox": 0.052388721331954005, "train/s1.loss_cls": 0.023318673809990288, "train/s1.acc": 98.2764991760254, "train/s1.loss_bbox": 0.05225035939365626, "train/s2.loss_cls": 0.011719877901487052, "train/s2.acc": 98.1894760131836, "train/s2.loss_bbox": 0.03847661437466741, "train/loss": 0.2608128570020199, "train/grad_norm": 2.7796825170516968, "learning_rate": 7.741611720520421e-08, "momentum": 0.9, "_runtime": 45358, "_timestamp": 1633298243, "_step": 39081, "val/bbox_mAP": 0.494, "val/bbox_mAP_50": 0.628, "val/bbox_mAP_75": 0.531, "val/bbox_mAP_s": 0.016, "val/bbox_mAP_m": 0.165, "val/bbox_mAP_l": 0.576, "_wandb": {"runtime": 45360}}