{"train/loss_rpn_cls": 0.696026086807251, "train/loss_rpn_bbox": 0.02237234516069293, "train/s0.loss_cls": 1.1169607877731322, "train/s0.acc": 66.3134765625, "train/s0.loss_bbox": 0.061284932494163516, "train/s1.loss_cls": 0.8793482959270478, "train/s1.acc": 55.1953125, "train/s1.loss_bbox": 0.009643125417642295, "train/s2.loss_cls": 0.04986603390425444, "train/s2.acc": 96.591796875, "train/s2.loss_bbox": 0.003263558971229941, "train/loss": 2.83876519203186, "train/grad_norm": 56.8006724357605, "learning_rate": 6.35e-06, "momentum": 0.9, "_runtime": 20, "_timestamp": 1633553270, "_step": 10}