{"train/loss_rpn_cls": 0.15611504763364792, "train/loss_rpn_bbox": 0.09030856564640999, "train/s0.loss_cls": 0.43046593070030215, "train/s0.acc": 89.453125, "train/s0.loss_bbox": 0.17866080477833748, "train/s1.loss_cls": 0.19242192208766937, "train/s1.acc": 90.419921875, "train/s1.loss_bbox": 0.13508194163441659, "train/s2.loss_cls": 0.07584477327764035, "train/s2.acc": 92.470703125, "train/s2.loss_bbox": 0.06020287591964006, "train/loss": 1.3191018640995025, "train/grad_norm": 1.4573246121406556, "learning_rate": 0.02, "momentum": 0.9, "_runtime": 12286, "_timestamp": 1632904927, "_step": 5880, "val/bbox_mAP": 0.027, "val/bbox_mAP_50": 0.043, "val/bbox_mAP_75": 0.028, "val/bbox_mAP_s": 0.0, "val/bbox_mAP_m": 0.002, "val/bbox_mAP_l": 0.033}