{"train/loss_rpn_cls": 0.22703070640563966, "train/loss_rpn_bbox": 0.0360288567841053, "train/s0.loss_cls": 0.27551523596048355, "train/s0.acc": 94.43115234375, "train/s0.loss_bbox": 0.14256809949874877, "train/s1.loss_cls": 0.07819038704037666, "train/s1.acc": 97.44140625, "train/s1.loss_bbox": 0.04438328258693218, "train/s2.loss_cls": 0.025160646811127663, "train/s2.acc": 98.66455078125, "train/s2.loss_bbox": 0.008468182012438773, "train/loss": 0.8373453915119171, "train/grad_norm": 3.9158000469207765, "learning_rate": 1.978571428571429e-05, "momentum": 0.9, "_runtime": 92, "_timestamp": 1633103759, "_step": 60}