{"train/loss_rpn_cls": 0.03619146875571459, "train/loss_rpn_bbox": 0.059692763490602374, "train/s0.loss_cls": 0.29558027908205986, "train/s0.acc": 90.048828125, "train/s0.loss_bbox": 0.15161089841276407, "train/s1.loss_cls": 0.11053720749914646, "train/s1.acc": 92.5390625, "train/s1.loss_bbox": 0.11501334118656814, "train/s2.loss_cls": 0.033569235960021614, "train/s2.acc": 95.712890625, "train/s2.loss_bbox": 0.03438155693002045, "train/loss": 0.8365767419338226, "learning_rate": 0.0001, "momentum": 0.9, "_runtime": 2920, "_timestamp": 1633844478, "_step": 43168, "val/bbox_mAP": 0.399, "val/bbox_mAP_50": 0.539, "val/bbox_mAP_75": 0.442, "val/bbox_mAP_s": 0.008, "val/bbox_mAP_m": 0.1, "val/bbox_mAP_l": 0.471}