{"train/loss_rpn_cls": 0.17826979458332062, "train/loss_rpn_bbox": 0.6971595823764801, "train/s0.loss_cls": 0.3698130413889885, "train/s0.acc": 90.01983489990235, "train/s0.loss_bbox": 0.25167607367038725, "train/s1.loss_cls": 0.48933287262916564, "train/s1.acc": 93.38751373291015, "train/s1.loss_bbox": 0.21074227541685103, "train/s2.loss_cls": 0.4541955441236496, "train/s2.acc": 96.00486526489257, "train/s2.loss_bbox": 0.10509489700198174, "train/loss": 2.7562840938568116, "train/grad_norm": 4.759785413742065, "learning_rate": 9.619398043158771e-05, "momentum": 0.9, "_runtime": 4996, "_timestamp": 1632828112, "_step": 1295, "val/bbox_mAP": 0.035, "val/bbox_mAP_50": 0.076, "val/bbox_mAP_75": 0.029, "val/bbox_mAP_s": 0.0, "val/bbox_mAP_m": 0.003, "val/bbox_mAP_l": 0.046}