{"train/loss_rpn_cls": 0.04893856793642044, "train/loss_rpn_bbox": 0.025017812754958867, "train/s0.loss_cls": 0.35063432827591895, "train/s0.acc": 90.8984375, "train/s0.loss_bbox": 0.1773225896060467, "train/s1.loss_cls": 0.14744107238948345, "train/s1.acc": 92.8515625, "train/s1.loss_bbox": 0.10143685229122638, "train/s2.loss_cls": 0.05598482396453619, "train/s2.acc": 95.361328125, "train/s2.loss_bbox": 0.03666087757592322, "train/loss": 0.9434368997812271, "train/grad_norm": 5.672228455543518, "learning_rate": 5e-05, "momentum": 0.9, "_runtime": 351, "_timestamp": 1633994808, "_step": 380, "_wandb": {"runtime": 357}}