{"train/loss_rpn_cls": 0.009702552785165608, "train/loss_rpn_bbox": 0.01719011259265244, "train/s0.loss_cls": 0.08364228401333093, "train/s0.acc": 96.7138671875, "train/s0.loss_bbox": 0.06432479210197925, "train/s1.loss_cls": 0.03371139885857701, "train/s1.acc": 97.38311080932617, "train/s1.loss_bbox": 0.05651010489091277, "train/s2.loss_cls": 0.016948596527799963, "train/s2.acc": 97.36844863891602, "train/s2.loss_bbox": 0.03240733416751027, "train/loss": 0.314437172934413, "train/grad_norm": 3.511095201969147, "learning_rate": 5.990158931043207e-06, "momentum": 0.9, "_runtime": 35362, "_timestamp": 1633232220, "_step": 31257, "val/bbox_mAP": 0.49, "val/bbox_mAP_50": 0.637, "val/bbox_mAP_75": 0.525, "val/bbox_mAP_s": 0.017, "val/bbox_mAP_m": 0.172, "val/bbox_mAP_l": 0.57}