{"train/loss_rpn_cls": 9.494948866218328, "train/loss_rpn_bbox": 0.13364364579319954, "train/s0.loss_cls": 1494.8294214636087, "train/s0.acc": 93.45475387573242, "train/s0.loss_bbox": 0.1299881784245372, "train/s1.loss_cls": 340.39733870625497, "train/s1.acc": 92.8262321472168, "train/s1.loss_bbox": 0.06678236657753586, "train/s2.loss_cls": 321.06381756700574, "train/s2.acc": 86.41565551757813, "train/s2.loss_bbox": 0.03950506588444114, "train/loss": 2166.1554787278174, "train/grad_norm": 225347.41747722626, "learning_rate": 0.0009622, "momentum": 0.9, "_runtime": 827, "_timestamp": 1632858701, "_step": 480, "_wandb": {"runtime": 930}}