{"train/loss_rpn_cls": 0.058263833075761794, "train/loss_rpn_bbox": 0.030088440142571928, "train/s0.loss_cls": 0.30523264706134795, "train/s0.acc": 91.11328125, "train/s0.loss_bbox": 0.14528751298785209, "train/s1.loss_cls": 0.15030791535973548, "train/s1.acc": 90.90470657348632, "train/s1.loss_bbox": 0.1363978810608387, "train/s2.loss_cls": 0.07270762585103512, "train/s2.acc": 91.52861404418945, "train/s2.loss_bbox": 0.08015330694615841, "train/loss": 0.9784391820430756, "train/grad_norm": 6.014461278915405, "learning_rate": 5e-05, "momentum": 0.9, "_runtime": 840, "_timestamp": 1633251205, "_step": 860}