{"train/loss_rpn_cls": 0.4781144022941589, "train/loss_rpn_bbox": 0.050981851574033496, "train/s0.loss_cls": 0.27588539123535155, "train/s0.acc": 94.833984375, "train/s0.loss_bbox": 0.1393223375082016, "train/s1.loss_cls": 0.07600523252040148, "train/s1.acc": 97.568359375, "train/s1.loss_bbox": 0.040077884960919616, "train/s2.loss_cls": 0.037464410858228804, "train/s2.acc": 98.4765625, "train/s2.loss_bbox": 0.009732337621971964, "train/loss": 1.107583862543106, "train/grad_norm": 6.573749828338623, "learning_rate": 1.085e-05, "momentum": 0.9, "_runtime": 64, "_timestamp": 1633690878, "_step": 40}