{"train/loss_rpn_cls": 0.09094856791198254, "train/loss_rpn_bbox": 0.03582628294825554, "train/s0.loss_cls": 0.337979693710804, "train/s0.acc": 91.78466796875, "train/s0.loss_bbox": 0.14638860896229744, "train/s1.loss_cls": 0.1363898441195488, "train/s1.acc": 93.22239990234375, "train/s1.loss_bbox": 0.08812483474612236, "train/s2.loss_cls": 0.054217846132814884, "train/s2.acc": 94.48223266601562, "train/s2.loss_bbox": 0.03350039878860116, "train/loss": 0.923376053571701, "train/grad_norm": 2.380389416217804, "learning_rate": 9.938441733754837e-05, "momentum": 0.9, "_runtime": 2220, "_timestamp": 1632948515, "_step": 1068, "val/bbox_mAP": 0.093, "val/bbox_mAP_50": 0.161, "val/bbox_mAP_75": 0.098, "val/bbox_mAP_s": 0.0, "val/bbox_mAP_m": 0.007, "val/bbox_mAP_l": 0.116}