{"train/loss_rpn_cls": 0.007774472641176544, "train/loss_rpn_bbox": 0.006923154590185732, "train/s0.loss_cls": 0.14805104881525039, "train/s0.acc": 94.82421646118163, "train/s0.loss_bbox": 0.0680985189974308, "train/s1.loss_cls": 0.08033583899959922, "train/s1.acc": 94.87357177734376, "train/s1.loss_bbox": 0.07414300851523876, "train/s2.loss_cls": 0.044458716688677666, "train/s2.acc": 94.32777862548828, "train/s2.loss_bbox": 0.04648496680893004, "train/loss": 0.47626972794532774, "train/grad_norm": 7.854285836219788, "learning_rate": 4.40101910689568e-05, "momentum": 0.9, "_runtime": 74, "_timestamp": 1634089365, "_step": 13055}