{"train/loss_cls": 1.9152202010154724, "train/loss_bbox": 3.1679189920425417, "train/loss_obj": 4.724683332443237, "train/loss": 9.807822608947754, "train/grad_norm": 10.590771627426147, "learning_rate": 6.61657569954622e-05, "momentum": 0.9, "_runtime": 2290, "_timestamp": 1633671599, "_step": 3443, "val/bbox_mAP": 0.003, "val/bbox_mAP_50": 0.009, "val/bbox_mAP_75": 0.001, "val/bbox_mAP_s": 0.0, "val/bbox_mAP_m": 0.001, "val/bbox_mAP_l": 0.003}