{"train/loss_rpn_cls": 0.059552711248397824, "train/loss_rpn_bbox": 0.024253565398976207, "train/s0.loss_cls": 0.2328477382659912, "train/s0.acc": 92.99072265625, "train/s0.loss_bbox": 0.10317540019750596, "train/s1.loss_cls": 0.11093734055757523, "train/s1.acc": 93.20591659545899, "train/s1.loss_bbox": 0.08032391369342803, "train/s2.loss_cls": 0.0474548414349556, "train/s2.acc": 93.80575942993164, "train/s2.loss_bbox": 0.0344185221940279, "train/loss": 0.6929640084505081, "train/grad_norm": 2.9932739973068236, "learning_rate": 6.913438767905317e-05, "momentum": 0.9, "_runtime": 24726, "_timestamp": 1633077614, "_step": 11180, "val/bbox_mAP": 0.279, "val/bbox_mAP_50": 0.391, "val/bbox_mAP_75": 0.307, "val/bbox_mAP_s": 0.001, "val/bbox_mAP_m": 0.053, "val/bbox_mAP_l": 0.336}