{"train/loss_rpn_cls": 0.5492416083812713, "train/loss_rpn_bbox": 0.030599105125293135, "train/s0.loss_cls": 0.1919200003147125, "train/s0.acc": 97.275390625, "train/s0.loss_bbox": 0.06924660606309771, "train/s1.loss_cls": 0.06717937421053648, "train/s1.acc": 98.505859375, "train/s1.loss_bbox": 0.01932507734745741, "train/s2.loss_cls": 0.026093876594677566, "train/s2.acc": 98.88671875, "train/s2.loss_bbox": 0.005173281114548445, "train/loss": 0.9587789177894592, "train/grad_norm": 4.4223363399505615, "learning_rate": 1.085e-05, "momentum": 0.9, "_runtime": 44, "_timestamp": 1633995557, "_step": 40, "_wandb": {"runtime": 50}}