{"train/loss_rpn_cls": 0.4686918169260025, "train/loss_rpn_bbox": 0.10182877480983735, "train/s0.loss_cls": 0.13564069867134093, "train/s0.acc": 97.86508178710938, "train/s0.loss_bbox": 0.028970265947282314, "train/s1.loss_cls": 0.20487736016511918, "train/s1.acc": 98.47323989868164, "train/s1.loss_bbox": 0.02644658237695694, "train/s2.loss_cls": 0.2669471189379692, "train/s2.acc": 98.71450958251953, "train/s2.loss_bbox": 0.023743241280317306, "train/loss": 1.2571458578109742, "train/grad_norm": 4.4569120645523075, "learning_rate": 2.1025000000000006e-05, "momentum": 0.9, "_runtime": 100, "_timestamp": 1632829313, "_step": 50}