{"train/loss_rpn_cls": 0.6074064135551452, "train/loss_rpn_bbox": 0.053853003215044735, "train/s0.loss_cls": 0.27149020656943323, "train/s0.acc": 97.0068359375, "train/s0.loss_bbox": 0.08215192370116711, "train/s1.loss_cls": 0.06594337048009039, "train/s1.acc": 98.5693359375, "train/s1.loss_bbox": 0.02168461374239996, "train/s2.loss_cls": 0.024277083249762653, "train/s2.acc": 99.04296875, "train/s2.loss_bbox": 0.005149091698694974, "train/loss": 1.1319556951522827, "train/grad_norm": 5.338075447082519, "learning_rate": 9.349999999999997e-06, "momentum": 0.9, "_runtime": 37, "_timestamp": 1633304430, "_step": 30}