{"train/loss_rpn_cls": 0.03323617628775537, "train/loss_rpn_bbox": 0.025419742101803422, "train/s0.loss_cls": 0.21655109152197838, "train/s0.acc": 93.5595703125, "train/s0.loss_bbox": 0.10874523147940636, "train/s1.loss_cls": 0.11151157189160585, "train/s1.acc": 93.26462783813477, "train/s1.loss_bbox": 0.1033371327444911, "train/s2.loss_cls": 0.05110237123444676, "train/s2.acc": 93.92831039428711, "train/s2.loss_bbox": 0.05461517069488764, "train/loss": 0.7045184925198555, "train/grad_norm": 4.582559323310852, "learning_rate": 4.99229338827948e-05, "momentum": 0.9, "_runtime": 1731, "_timestamp": 1633681861, "_step": 1187, "val/bbox_mAP": 0.161, "val/bbox_mAP_50": 0.313, "val/bbox_mAP_75": 0.156, "val/bbox_mAP_s": 0.0, "val/bbox_mAP_m": 0.028, "val/bbox_mAP_l": 0.206}