{"train/loss_rpn_cls": 0.003937898440708523, "train/loss_rpn_bbox": 0.0029395012493478134, "train/s0.loss_cls": 0.1313446231931448, "train/s0.acc": 95.4541015625, "train/s0.loss_bbox": 0.07553497839719057, "train/s1.loss_cls": 0.03329045458231121, "train/s1.acc": 97.7919921875, "train/s1.loss_bbox": 0.029347857320681216, "train/s2.loss_cls": 0.006972012519836426, "train/s2.acc": 99.1494140625, "train/s2.loss_bbox": 0.0056456053559668365, "train/loss": 0.2890129315853119, "learning_rate": 5.0000002500000006e-05, "momentum": 0.9, "_runtime": 578, "_timestamp": 1634052059, "_step": 98580, "_wandb": {"runtime": 641}}