{"train/loss_rpn_cls": 0.12970973700284957, "train/loss_rpn_bbox": 0.06169878020882606, "train/s0.loss_cls": 0.1275991640985012, "train/s0.acc": 97.31473388671876, "train/s0.loss_bbox": 0.03755867015570402, "train/s1.loss_cls": 0.05504372864961624, "train/s1.acc": 97.57078628540039, "train/s1.loss_bbox": 0.012158833350986243, "train/s2.loss_cls": 0.022251249570399523, "train/s2.acc": 98.0742691040039, "train/s2.loss_bbox": 0.003525507147423923, "train/loss": 0.4495456725358963, "train/grad_norm": 1.5730308771133423, "learning_rate": 9.263201558569639e-05, "momentum": 0.9, "_runtime": 7207, "_timestamp": 1632836775, "_step": 1955, "val/bbox_mAP": 0.04, "val/bbox_mAP_50": 0.08, "val/bbox_mAP_75": 0.034, "val/bbox_mAP_s": 0.0, "val/bbox_mAP_m": 0.005, "val/bbox_mAP_l": 0.051}