{"train/loss_rpn_cls": 0.6700893700122833, "train/loss_rpn_bbox": 0.013770440500229597, "train/s0.loss_cls": 0.8730481185019017, "train/s0.acc": 72.4853515625, "train/s0.loss_bbox": 0.06422162931412459, "train/s1.loss_cls": 0.6223452903330327, "train/s1.acc": 64.9267578125, "train/s1.loss_bbox": 0.015797699708491562, "train/s2.loss_cls": 0.4369690237566829, "train/s2.acc": 54.375, "train/s2.loss_bbox": 0.005083992914296687, "train/loss": 2.7013255298137664, "train/grad_norm": 47.28473238945007, "learning_rate": 6.35e-06, "momentum": 0.9, "_runtime": 24, "_timestamp": 1633552851, "_step": 10}