{"train/loss_rpn_cls": 0.16981883347034454, "train/loss_rpn_bbox": 0.11422530338168144, "train/s0.loss_cls": 0.2220655307173729, "train/s0.acc": 94.88525390625, "train/s0.loss_bbox": 0.009201554302126169, "train/s1.loss_cls": 0.06322857812047004, "train/s1.acc": 97.459716796875, "train/s1.loss_bbox": 0.0021851748111657797, "train/s2.loss_cls": 0.018863593880087137, "train/s2.acc": 98.59375, "train/s2.loss_bbox": 0.00026734603161457924, "train/loss": 0.5998559057712555, "train/grad_norm": 0.8640518188476562, "learning_rate": 9.938441764533986e-05, "momentum": 0.9, "_runtime": 1885, "_timestamp": 1632809099, "_step": 690, "val/bbox_mAP": 0.002, "val/bbox_mAP_50": 0.007, "val/bbox_mAP_75": 0.0, "val/bbox_mAP_s": 0.0, "val/bbox_mAP_m": 0.0, "val/bbox_mAP_l": 0.002}