{"train/loss_rpn_cls": 0.1257817607372999, "train/loss_rpn_bbox": 0.032678425591439006, "train/s0.loss_cls": 0.19259724766016006, "train/s0.acc": 94.5458984375, "train/s0.loss_bbox": 0.08812368251383304, "train/s1.loss_cls": 0.09800694771111011, "train/s1.acc": 94.4140625, "train/s1.loss_bbox": 0.0801123708486557, "train/s2.loss_cls": 0.04334763344377279, "train/s2.acc": 95.390625, "train/s2.loss_bbox": 0.036940728686749934, "train/loss": 0.6975887954235077, "train/grad_norm": 4.763754177093506, "learning_rate": 5e-05, "momentum": 0.9, "_runtime": 188, "_timestamp": 1633691118, "_step": 540}