{"train/loss_cls": 1.7344125390052796, "train/loss_bbox": 2.786552333831787, "train/loss_obj": 4.139425611495971, "train/loss": 8.660390472412109, "learning_rate": 0.009911567685992813, "momentum": 0.9, "_runtime": 704, "_timestamp": 1633763927, "_step": 10868, "val/bbox_mAP": 0.023, "val/bbox_mAP_50": 0.044, "val/bbox_mAP_75": 0.021, "val/bbox_mAP_s": 0.0, "val/bbox_mAP_m": 0.007, "val/bbox_mAP_l": 0.028}