{"train/loss_rpn_cls": 0.031070345523767175, "train/loss_rpn_bbox": 0.03989441012963653, "train/s0.loss_cls": 0.18749846667051315, "train/s0.acc": 93.88671875, "train/s0.loss_bbox": 0.11343762427568435, "train/s1.loss_cls": 0.08818007707595825, "train/s1.acc": 93.97486114501953, "train/s1.loss_bbox": 0.10499445796012878, "train/s2.loss_cls": 0.040142659191042186, "train/s2.acc": 94.62233963012696, "train/s2.loss_bbox": 0.05607205983251333, "train/loss": 0.66129010617733, "train/grad_norm": 4.799443197250366, "learning_rate": 4.877642147248849e-05, "momentum": 0.9, "_runtime": 6231, "_timestamp": 1633663107, "_step": 4318, "val/bbox_mAP": 0.33, "val/bbox_mAP_50": 0.506, "val/bbox_mAP_75": 0.366, "val/bbox_mAP_s": 0.0, "val/bbox_mAP_m": 0.091, "val/bbox_mAP_l": 0.395}