{"train/loss_rpn_cls": 0.13917047753930092, "train/loss_rpn_bbox": 0.04618315827101469, "train/s0.loss_cls": 0.32797327935695647, "train/s0.acc": 93.189697265625, "train/s0.loss_bbox": 0.2661400303244591, "train/s1.loss_cls": 0.0889650084078312, "train/s1.acc": 96.849365234375, "train/s1.loss_bbox": 0.04407485611736774, "train/s2.loss_cls": 0.026002562791109084, "train/s2.acc": 98.4716796875, "train/s2.loss_bbox": 0.0070057381875813, "train/loss": 0.9455151438713074, "train/grad_norm": 2.7631320357322693, "learning_rate": 2.0619999999999996e-05, "momentum": 0.9, "_runtime": 143, "_timestamp": 1632806995, "_step": 60}