{"train/loss_rpn_cls": 0.2795406997203827, "train/loss_rpn_bbox": 0.0971928060054779, "train/s0.loss_cls": 0.3113120585680008, "train/s0.acc": 93.544921875, "train/s0.loss_bbox": 0.24844397604465485, "train/s1.loss_cls": 0.09287421330809593, "train/s1.acc": 96.62109375, "train/s1.loss_bbox": 0.04426325298845768, "train/s2.loss_cls": 0.027445943094789982, "train/s2.acc": 98.284912109375, "train/s2.loss_bbox": 0.006033545709215105, "train/loss": 1.1071065008640288, "train/grad_norm": 2.446059799194336, "learning_rate": 5.5634117003688025e-05, "momentum": 0.9, "_runtime": 735, "_timestamp": 1632768264, "_step": 255, "val/bbox_mAP": 0.004, "val/bbox_mAP_50": 0.012, "val/bbox_mAP_75": 0.002, "val/bbox_mAP_s": 0.0, "val/bbox_mAP_m": 0.0, "val/bbox_mAP_l": 0.005}