{"train/loss_rpn_cls": 0.3624874144792557, "train/loss_rpn_bbox": 0.01968295224942267, "train/s0.loss_cls": 0.244254469871521, "train/s0.acc": 95.48828125, "train/s0.loss_bbox": 0.111294911429286, "train/s1.loss_cls": 0.06833398258313536, "train/s1.acc": 97.79296875, "train/s1.loss_bbox": 0.037038934603333476, "train/s2.loss_cls": 0.02276075826957822, "train/s2.acc": 98.720703125, "train/s2.loss_bbox": 0.007008443918311969, "train/loss": 0.8728618592023849, "train/grad_norm": 5.239758229255676, "learning_rate": 1.5349999999999997e-05, "momentum": 0.9, "_runtime": 73, "_timestamp": 1633994349, "_step": 70}