{"train/loss_rpn_cls": 0.01858969107270241, "train/loss_rpn_bbox": 0.014561654813587666, "train/s0.loss_cls": 0.09644841998815537, "train/s0.acc": 96.54052734375, "train/s0.loss_bbox": 0.07292122542858123, "train/s1.loss_cls": 0.03830971475690603, "train/s1.acc": 97.3421615600586, "train/s1.loss_bbox": 0.0629039891064167, "train/s2.loss_cls": 0.018894891254603863, "train/s2.acc": 97.47684173583984, "train/s2.loss_bbox": 0.03933914210647345, "train/loss": 0.3619687303900719, "train/grad_norm": 2.623281276226044, "learning_rate": 3.0127629642893726e-05, "momentum": 0.9, "_runtime": 18245, "_timestamp": 1633122279, "_step": 10948, "val/bbox_mAP": 0.415, "val/bbox_mAP_50": 0.576, "val/bbox_mAP_75": 0.446, "val/bbox_mAP_s": 0.017, "val/bbox_mAP_m": 0.147, "val/bbox_mAP_l": 0.489}