{"train/loss_cls": 1.3809637308120728, "train/loss_bbox": 2.458234977722168, "train/loss_obj": 3.5957643032073974, "train/loss": 7.43496298789978, "train/grad_norm": 11.257009983062744, "learning_rate": 4.633846577698743e-05, "momentum": 0.9, "_runtime": 292, "_timestamp": 1633887258, "_step": 77260}