{"train/loss_rpn_cls": 0.07939876802265644, "train/loss_rpn_bbox": 0.13614639416337013, "train/s0.loss_cls": 0.21304070577025414, "train/s0.acc": 95.33322982788086, "train/s0.loss_bbox": 0.09645429626107216, "train/s1.loss_cls": 0.043499288987368344, "train/s1.acc": 98.09651336669921, "train/s1.loss_bbox": 0.02460785461589694, "train/s2.loss_cls": 0.015892260055989028, "train/s2.acc": 98.61183395385743, "train/s2.loss_bbox": 0.011284574773162604, "train/loss": 0.6203241616487503, "train/grad_norm": 1.4507326006889343, "learning_rate": 9.990133652007716e-05, "momentum": 0.9, "_runtime": 1572, "_timestamp": 1632885001, "_step": 869, "val/bbox_mAP": 0.0, "val/bbox_mAP_50": 0.002, "val/bbox_mAP_75": 0.0, "val/bbox_mAP_s": 0.0, "val/bbox_mAP_m": 0.0, "val/bbox_mAP_l": 0.0}