{"train/loss_rpn_cls": 0.0033573943277588115, "train/loss_rpn_bbox": 0.011664389469660818, "train/s0.loss_cls": 0.10526737123727799, "train/s0.acc": 95.87890243530273, "train/s0.loss_bbox": 0.07659762669354678, "train/s1.loss_cls": 0.03996238405816257, "train/s1.acc": 97.0002830505371, "train/s1.loss_bbox": 0.06630905522033573, "train/s2.loss_cls": 0.019005978561472146, "train/s2.acc": 97.0336311340332, "train/s2.loss_bbox": 0.04411911368370056, "train/loss": 0.36628331393003466, "train/grad_norm": 5.3098691463470455, "learning_rate": 6.910971547941557e-07, "momentum": 0.9, "_runtime": 69206, "_timestamp": 1634159039, "_step": 54295, "val/bbox_mAP": 0.51, "val/bbox_mAP_50": 0.657, "val/bbox_mAP_75": 0.535, "val/bbox_mAP_s": 0.076, "val/bbox_mAP_m": 0.166, "val/bbox_mAP_l": 0.591}