{"train/loss_cls": 0.9145434975624085, "train/loss_bbox": 0.6266396164894104, "train/loss_bbox_rf": 0.8151508271694183, "train/loss": 2.3563339471817017, "train/grad_norm": 2.220764327049255, "learning_rate": 0.01, "momentum": 0.9, "_runtime": 4436, "_timestamp": 1632943504, "_step": 730, "val/bbox_mAP": 0.003, "val/bbox_mAP_50": 0.009, "val/bbox_mAP_75": 0.002, "val/bbox_mAP_s": 0.0, "val/bbox_mAP_m": 0.0, "val/bbox_mAP_l": 0.004}