{"train/loss_center_heatmap": 91.86591148376465, "train/loss_wh": 4.4168020486831665, "train/loss_offset": 0.4793140411376953, "train/loss": 96.76202812194825, "train/grad_norm": 288.3458282470703, "learning_rate": 2.7700000000000002e-05, "momentum": 0.9, "_runtime": 60, "_timestamp": 1632960970, "_step": 60}