{"train/loss_rpn_cls": 0.2740421324968338, "train/loss_rpn_bbox": 0.05436950381845236, "train/s0.loss_cls": 0.42882821410894395, "train/s0.acc": 91.85546875, "train/s0.loss_bbox": 0.2374266654253006, "train/s1.loss_cls": 0.10242264196276665, "train/s1.acc": 96.50390625, "train/s1.loss_bbox": 0.06252685431391, "train/s2.loss_cls": 0.029898683074861765, "train/s2.acc": 98.203125, "train/s2.loss_bbox": 0.010928046982735395, "train/loss": 1.2004427313804626, "train/grad_norm": 18.274789094924927, "learning_rate": 1.685e-05, "momentum": 0.9, "_runtime": 99, "_timestamp": 1633607329, "_step": 80, "_wandb": {"runtime": 105}}