{"train/loss_rpn_cls": 0.5821497440338135, "train/loss_rpn_bbox": 0.058397642511408776, "train/s0.loss_cls": 0.22391156740486623, "train/s0.acc": 96.84895553588868, "train/s0.loss_bbox": 0.08189835082739591, "train/s1.loss_cls": 0.06404790803790092, "train/s1.acc": 98.32682189941406, "train/s1.loss_bbox": 0.022688629943877457, "train/s2.loss_cls": 0.030465448927134275, "train/s2.acc": 98.73046569824218, "train/s2.loss_bbox": 0.006679472239920869, "train/loss": 1.070238757133484, "train/grad_norm": 4.464914727210998, "learning_rate": 1.085e-05, "momentum": 0.9, "_runtime": 67, "_timestamp": 1633996803, "_step": 40}