{"train/loss_rpn_cls": 0.15656894408166408, "train/loss_rpn_bbox": 0.05148000554181635, "train/s0.loss_cls": 0.34509090706706047, "train/s0.acc": 92.236328125, "train/s0.loss_bbox": 0.19697546400129795, "train/s1.loss_cls": 0.096872990578413, "train/s1.acc": 96.474609375, "train/s1.loss_bbox": 0.06258091200143098, "train/s2.loss_cls": 0.030274851713329554, "train/s2.acc": 98.1640625, "train/s2.loss_bbox": 0.011550202075159176, "train/loss": 0.9513943195343018, "train/grad_norm": 10.14700951576233, "learning_rate": 3.035e-05, "momentum": 0.9, "_runtime": 193, "_timestamp": 1633607646, "_step": 170}