{"train/loss_rpn_cls": 0.005424453954037745, "train/loss_rpn_bbox": 0.016009646689053626, "train/s0.loss_cls": 0.0978784617036581, "train/s0.acc": 96.2695297241211, "train/s0.loss_bbox": 0.061183379124850036, "train/s1.loss_cls": 0.03916380824521184, "train/s1.acc": 97.19268569946288, "train/s1.loss_bbox": 0.05542487241327763, "train/s2.loss_cls": 0.018110790010541677, "train/s2.acc": 97.14881286621093, "train/s2.loss_bbox": 0.03589603314176202, "train/loss": 0.3290914446115494, "train/grad_norm": 5.010931396484375, "learning_rate": 2.8911051428251145e-05, "momentum": 0.9, "_runtime": 510, "_timestamp": 1634161295, "_step": 52390}