{"train/loss_rpn_cls": 0.00814850949740503, "train/loss_rpn_bbox": 0.003808769840397872, "train/s0.loss_cls": 0.16198592156171798, "train/s0.acc": 95.17333984375, "train/s0.loss_bbox": 0.09978925067931414, "train/s1.loss_cls": 0.04242231057956815, "train/s1.acc": 97.650390625, "train/s1.loss_bbox": 0.037835881561040875, "train/s2.loss_cls": 0.009088391417171805, "train/s2.acc": 99.12255859375, "train/s2.loss_bbox": 0.00652223100187257, "train/loss": 0.36960126280784605, "learning_rate": 5.0000002500000006e-05, "momentum": 0.9, "_runtime": 129, "_timestamp": 1634051428, "_step": 97780, "_wandb": {"runtime": 130}}