{"train/loss_rpn_cls": 0.5684738636016846, "train/loss_rpn_bbox": 0.0324514270061627, "train/s0.loss_cls": 0.12841012254357337, "train/s0.acc": 97.939453125, "train/s0.loss_bbox": 0.047811319958418606, "train/s1.loss_cls": 0.045291720516979696, "train/s1.acc": 98.76953125, "train/s1.loss_bbox": 0.015889485389925538, "train/s2.loss_cls": 0.02200474073179066, "train/s2.acc": 99.033203125, "train/s2.loss_bbox": 0.004126509529305622, "train/loss": 0.8644591689109802, "train/grad_norm": 3.5142768383026124, "learning_rate": 1.085e-05, "momentum": 0.9, "_runtime": 41, "_timestamp": 1633995728, "_step": 40, "_wandb": {"runtime": 46}}