{"train/loss_rpn_cls": 0.01895675463601947, "train/loss_rpn_bbox": 0.01732391817495227, "train/s0.loss_cls": 0.1119523324072361, "train/s0.acc": 96.1138916015625, "train/s0.loss_bbox": 0.07645282298326492, "train/s1.loss_cls": 0.049543178826570514, "train/s1.acc": 96.67289199829102, "train/s1.loss_bbox": 0.06577616333961486, "train/s2.loss_cls": 0.023777705617249012, "train/s2.acc": 96.87406997680664, "train/s2.loss_bbox": 0.03760626930743456, "train/loss": 0.40138915181159973, "train/grad_norm": 2.753987526893616, "learning_rate": 3.8328348529886676e-05, "momentum": 0.9, "_runtime": 11422, "_timestamp": 1632850032, "_step": 2949, "val/bbox_mAP": 0.293, "val/bbox_mAP_50": 0.437, "val/bbox_mAP_75": 0.326, "val/bbox_mAP_s": 0.006, "val/bbox_mAP_m": 0.053, "val/bbox_mAP_l": 0.352, "_wandb": {"runtime": 11454}}