{"train/loss_rpn_cls": 0.15355204045772552, "train/loss_rpn_bbox": 0.041820201091468334, "train/s0.loss_cls": 0.2930052250623703, "train/s0.acc": 93.173828125, "train/s0.loss_bbox": 0.17035521268844606, "train/s1.loss_cls": 0.09413075856864453, "train/s1.acc": 96.2646484375, "train/s1.loss_bbox": 0.06006583906710148, "train/s2.loss_cls": 0.02667169366031885, "train/s2.acc": 98.3056640625, "train/s2.loss_bbox": 0.011089721554890275, "train/loss": 0.8506906777620316, "train/grad_norm": 4.871335649490357, "learning_rate": 3.0499999999999996e-05, "momentum": 0.9, "_runtime": 88, "_timestamp": 1633103616, "_step": 110}