{"train/loss_rpn_cls": 0.06790955141186714, "train/loss_rpn_bbox": 0.16900383159518242, "train/s0.loss_cls": 0.19453213065862657, "train/s0.acc": 95.115966796875, "train/s0.loss_bbox": 0.10532820746302604, "train/s1.loss_cls": 0.037808171659708026, "train/s1.acc": 98.231201171875, "train/s1.loss_bbox": 0.025082139857113363, "train/s2.loss_cls": 0.011155397770926357, "train/s2.acc": 99.03076171875, "train/s2.loss_bbox": 0.010166312986984848, "train/loss": 0.6209857612848282, "train/grad_norm": 1.1019351363182068, "learning_rate": 8.644844492263921e-05, "momentum": 0.9, "_runtime": 9646, "_timestamp": 1632933696, "_step": 3100, "val/bbox_mAP": 0.005, "val/bbox_mAP_50": 0.012, "val/bbox_mAP_75": 0.002, "val/bbox_mAP_s": 0.0, "val/bbox_mAP_m": 0.0, "val/bbox_mAP_l": 0.005}