{"train/loss_rpn_cls": 0.14343928433954717, "train/loss_rpn_bbox": 0.21174167543649675, "train/s0.loss_cls": 0.26614041477441785, "train/s0.acc": 94.58984375, "train/s0.loss_bbox": 0.1086310338228941, "train/s1.loss_cls": 0.06731425821781159, "train/s1.acc": 97.62451171875, "train/s1.loss_bbox": 0.030603116564452647, "train/s2.loss_cls": 0.02670472702011466, "train/s2.acc": 98.32763671875, "train/s2.loss_bbox": 0.013024014048278331, "train/loss": 0.8675985217094422, "train/grad_norm": 2.192153424024582, "learning_rate": 0.0006022000000000001, "momentum": 0.9, "_runtime": 499, "_timestamp": 1632855233, "_step": 280, "_wandb": {"runtime": 506}}