{"train/loss_cls": 0.6610488057136535, "train/loss_bbox": 0.2347010999917984, "train/loss_bbox_rf": 0.29869977980852125, "train/loss": 1.194449681043625, "train/grad_norm": 3.1499674320220947, "learning_rate": 0.001, "momentum": 0.9, "_runtime": 14454, "_timestamp": 1632958516, "_step": 5385, "val/bbox_mAP": 0.377, "val/bbox_mAP_50": 0.491, "val/bbox_mAP_75": 0.399, "val/bbox_mAP_s": 0.002, "val/bbox_mAP_m": 0.072, "val/bbox_mAP_l": 0.454}