{"train/loss_cls": 1.9601751565933228, "train/loss_bbox": 3.405205750465393, "train/loss_obj": 4.972721099853516, "train/loss": 10.338101959228515, "train/grad_norm": 19.93145399093628, "learning_rate": 7.098887238488406e-05, "momentum": 0.9, "_runtime": 1013, "_timestamp": 1633672634, "_step": 1358, "val/bbox_mAP": 0.0, "val/bbox_mAP_50": 0.0, "val/bbox_mAP_75": 0.0, "val/bbox_mAP_s": 0.0, "val/bbox_mAP_m": 0.0, "val/bbox_mAP_l": 0.0}