{"train/loss_rpn_cls": 0.012933087596320548, "train/loss_rpn_bbox": 0.015013672562781721, "train/s0.loss_cls": 0.13026963621377946, "train/s0.acc": 95.60546875, "train/s0.loss_bbox": 0.05884196935221553, "train/s1.loss_cls": 0.05503538213670254, "train/s1.acc": 96.41004333496093, "train/s1.loss_bbox": 0.05846278062090278, "train/s2.loss_cls": 0.027885783882811665, "train/s2.acc": 96.37692031860351, "train/s2.loss_bbox": 0.04043383901007473, "train/loss": 0.398876142129302, "train/grad_norm": 2.2363060474395753, "learning_rate": 0.00020000000000000004, "momentum": 0.9, "_runtime": 9648, "_timestamp": 1632830107, "_step": 14651, "_wandb": {"runtime": 9650}}