{"train/loss_rpn_cls": 0.21062066555023193, "train/loss_rpn_bbox": 0.2227401539683342, "train/s0.loss_cls": 0.28605627864599226, "train/s0.acc": 93.701171875, "train/s0.loss_bbox": 0.22031911313533784, "train/s1.loss_cls": 0.10556935593485832, "train/s1.acc": 95.33447265625, "train/s1.loss_bbox": 0.0583694651722908, "train/s2.loss_cls": 0.03600205034017563, "train/s2.acc": 97.052001953125, "train/s2.loss_bbox": 0.011988071538507939, "train/loss": 1.1516651809215546, "train/grad_norm": 1.3839579820632935, "learning_rate": 9.861849740138782e-05, "momentum": 0.9, "_runtime": 2677, "_timestamp": 1632771042, "_step": 885, "val/bbox_mAP": 0.011, "val/bbox_mAP_50": 0.029, "val/bbox_mAP_75": 0.008, "val/bbox_mAP_s": 0.0, "val/bbox_mAP_m": 0.002, "val/bbox_mAP_l": 0.015}