{"train/loss_rpn_cls": 0.014229758700821549, "train/loss_rpn_bbox": 0.012962741509545595, "train/s0.loss_cls": 0.09876219481229782, "train/s0.acc": 96.5087890625, "train/s0.loss_bbox": 0.061598661635071036, "train/s1.loss_cls": 0.04337260785978288, "train/s1.acc": 96.86560516357422, "train/s1.loss_bbox": 0.06099742972292006, "train/s2.loss_cls": 0.022733207908459008, "train/s2.acc": 96.83423080444337, "train/s2.loss_bbox": 0.035322703514248134, "train/loss": 0.3499792993068695, "train/grad_norm": 3.8716492652893066, "learning_rate": 3.969470344489268e-05, "momentum": 0.9, "_runtime": 24509, "_timestamp": 1633195245, "_step": 22376, "val/bbox_mAP": 0.459, "val/bbox_mAP_50": 0.612, "val/bbox_mAP_75": 0.49, "val/bbox_mAP_s": 0.011, "val/bbox_mAP_m": 0.16, "val/bbox_mAP_l": 0.536, "_wandb": {"runtime": 24514}}