{"train/loss_rpn_cls": 0.08386205583810806, "train/loss_rpn_bbox": 0.7475650370121002, "train/s0.loss_cls": 0.19523802101612092, "train/s0.acc": 94.08376922607422, "train/s0.loss_bbox": 0.2119466818869114, "train/s1.loss_cls": 0.3160237282514572, "train/s1.acc": 95.07013931274415, "train/s1.loss_bbox": 0.24341194033622743, "train/s2.loss_cls": 0.36339245438575746, "train/s2.acc": 96.15573501586914, "train/s2.loss_bbox": 0.1816127747297287, "train/loss": 2.3430526852607727, "train/grad_norm": 6.941283464431763, "learning_rate": 9.263201558569639e-05, "momentum": 0.9, "_runtime": 6090, "_timestamp": 1632818846, "_step": 1795, "val/bbox_mAP": 0.164, "val/bbox_mAP_50": 0.308, "val/bbox_mAP_75": 0.154, "val/bbox_mAP_s": 0.0, "val/bbox_mAP_m": 0.035, "val/bbox_mAP_l": 0.2}