{"train/loss_rpn_cls": 0.6972783863544464, "train/loss_rpn_bbox": 110.59690933227539, "train/s0.loss_cls": 1.162313175201416, "train/s0.acc": 72.408447265625, "train/s0.loss_bbox": 2.6187445051968097, "train/s1.loss_cls": 2.075192952156067, "train/s1.acc": 0.14404296875, "train/s1.loss_bbox": 1132.954800415039, "train/s2.loss_cls": 0.4782137185335159, "train/s2.acc": 36.21337890625, "train/s2.loss_bbox": 97.74323342014104, "train/loss": 1348.326678466797, "train/grad_norm": 402352.078125, "learning_rate": 1.1619999999999997e-05, "momentum": 0.9, "_runtime": 37, "_timestamp": 1632919807, "_step": 10}