{"train/loss_rpn_cls": 0.009196876478381456, "train/loss_rpn_bbox": 0.007924679899588227, "train/s0.loss_cls": 0.11338307075202465, "train/s0.acc": 96.4404296875, "train/s0.loss_bbox": 0.0632714208215475, "train/s1.loss_cls": 0.05623176693916321, "train/s1.acc": 96.396484375, "train/s1.loss_bbox": 0.06282078102231026, "train/s2.loss_cls": 0.02526394175365567, "train/s2.acc": 96.5185546875, "train/s2.loss_bbox": 0.03035656325519085, "train/loss": 0.3684491038322449, "train/grad_norm": 3.3324519872665403, "learning_rate": 3.083626824345897e-05, "momentum": 0.9, "_runtime": 7405, "_timestamp": 1633935644, "_step": 4439, "val/bbox_mAP": 0.011, "val/bbox_mAP_50": 0.025, "val/bbox_mAP_75": 0.008, "val/bbox_mAP_s": 0.033, "val/bbox_mAP_m": 0.033, "val/bbox_mAP_l": 0.009}