{"train/loss_rpn_cls": 0.05338527411222458, "train/loss_rpn_bbox": 0.031147881224751473, "train/s0.loss_cls": 0.26285639107227327, "train/s0.acc": 92.476806640625, "train/s0.loss_bbox": 0.2842394694685936, "train/s1.loss_cls": 0.1217989206314087, "train/s1.acc": 92.85400390625, "train/s1.loss_bbox": 0.1050525315105915, "train/s2.loss_cls": 0.04959107637405395, "train/s2.acc": 94.36279296875, "train/s2.loss_bbox": 0.030672740004956723, "train/loss": 0.9387442886829376, "train/grad_norm": 2.211148571968079, "learning_rate": 9.938441764533986e-05, "momentum": 0.9, "_runtime": 1464, "_timestamp": 1632762567, "_step": 570, "val/bbox_mAP": 0.078, "val/bbox_mAP_50": 0.153, "val/bbox_mAP_75": 0.07, "val/bbox_mAP_s": 0.002, "val/bbox_mAP_m": 0.006, "val/bbox_mAP_l": 0.097, "_wandb": {"runtime": 1483}}