{"train/loss_rpn_cls": 0.009436075660487405, "train/loss_rpn_bbox": 0.0035400469289743343, "train/s0.loss_cls": 0.1878414972499013, "train/s0.acc": 94.6787109375, "train/s0.loss_bbox": 0.10543611375615, "train/s1.loss_cls": 0.047014587451703845, "train/s1.acc": 97.5400390625, "train/s1.loss_bbox": 0.03686112616211176, "train/s2.loss_cls": 0.009895269703119993, "train/s2.acc": 99.0869140625, "train/s2.loss_bbox": 0.006292053920915351, "train/loss": 0.4063167703151703, "learning_rate": 5.0000002500000006e-05, "momentum": 0.9, "_runtime": 71, "_timestamp": 1634051174, "_step": 97780, "_wandb": {"runtime": 113}}