{"train/loss_rpn_cls": 0.691043221950531, "train/loss_rpn_bbox": 10.803356564044952, "train/s0.loss_cls": 0.3308849036693573, "train/s0.acc": 93.42529296875, "train/s0.loss_bbox": 0.18430388867855071, "train/s1.loss_cls": 0.28465832620859144, "train/s1.acc": 97.91243438720703, "train/s1.loss_bbox": 0.06367028988897801, "train/s2.loss_cls": 0.2536016196012497, "train/s2.acc": 98.78773651123046, "train/s2.loss_bbox": 0.03333126660436392, "train/loss": 12.644850063323975, "train/grad_norm": 1419.8860305786134, "learning_rate": 1.6525000000000002e-05, "momentum": 0.9, "_runtime": 63, "_timestamp": 1632823083, "_step": 30}