{"train/loss_cls": 2.0184592962265016, "train/loss_bbox": 2.947566556930542, "train/loss_obj": 4.308303260803223, "train/loss": 9.274329090118409, "train/grad_norm": 6.435418605804443, "learning_rate": 9.97260966857503e-05, "momentum": 0.9, "_runtime": 4152, "_timestamp": 1633772994, "_step": 4950, "val/bbox_mAP": 0.004, "val/bbox_mAP_50": 0.012, "val/bbox_mAP_75": 0.002, "val/bbox_mAP_s": 0.0, "val/bbox_mAP_m": 0.002, "val/bbox_mAP_l": 0.005}