{"train/loss_rpn_cls": 0.25645858943462374, "train/loss_rpn_bbox": 0.04042214788496494, "train/s0.loss_cls": 0.2737713478505611, "train/s0.acc": 95.419921875, "train/s0.loss_bbox": 0.12130948305130004, "train/s1.loss_cls": 0.08267798274755478, "train/s1.acc": 98.0810546875, "train/s1.loss_bbox": 0.031510681845247746, "train/s2.loss_cls": 0.033634953945875165, "train/s2.acc": 98.8525390625, "train/s2.loss_bbox": 0.006255453499034047, "train/loss": 0.8460406571626663, "train/grad_norm": 9.34244418144226, "learning_rate": 2.17e-05, "momentum": 0.9, "_runtime": 58, "_timestamp": 1633052568, "_step": 40}