{"train/loss_rpn_cls": 0.18182653933763504, "train/loss_rpn_bbox": 0.039529573544859885, "train/s0.loss_cls": 0.34906197190284727, "train/s0.acc": 92.705078125, "train/s0.loss_bbox": 0.2001980386674404, "train/s1.loss_cls": 0.10579970329999924, "train/s1.acc": 96.66015625, "train/s1.loss_bbox": 0.05877557508647442, "train/s2.loss_cls": 0.03327766004949808, "train/s2.acc": 98.173828125, "train/s2.loss_bbox": 0.01297906837426126, "train/loss": 0.9814481437206268, "train/grad_norm": 9.186780309677124, "learning_rate": 2.1349999999999997e-05, "momentum": 0.9, "_runtime": 97, "_timestamp": 1633170252, "_step": 110, "_wandb": {"runtime": 105}}