{"train/loss_rpn_cls": 0.0037272797868354245, "train/loss_rpn_bbox": 0.013128331443294883, "train/s0.loss_cls": 0.09253164632245899, "train/s0.acc": 96.67317504882813, "train/s0.loss_bbox": 0.038064740411937234, "train/s1.loss_cls": 0.03882200317457318, "train/s1.acc": 97.33758239746093, "train/s1.loss_bbox": 0.047023020475171505, "train/s2.loss_cls": 0.02039440694497898, "train/s2.acc": 97.23354034423828, "train/s2.loss_bbox": 0.03527304215822369, "train/loss": 0.2889644704759121, "train/grad_norm": 6.118330490589142, "learning_rate": 4.0859914365602205e-05, "momentum": 0.9, "_runtime": 23866, "_timestamp": 1634185209, "_step": 66455, "val/bbox_mAP": 0.471, "val/bbox_mAP_50": 0.614, "val/bbox_mAP_75": 0.499, "val/bbox_mAP_s": 0.075, "val/bbox_mAP_m": 0.123, "val/bbox_mAP_l": 0.552, "_wandb": {"runtime": 23878}}