{"train/loss_rpn_cls": 0.6046531200408936, "train/loss_rpn_bbox": 0.020545425661839544, "train/s0.loss_cls": 0.11629840973764657, "train/s0.acc": 98.26822509765626, "train/s0.loss_bbox": 0.03247643653303385, "train/s1.loss_cls": 0.05801886143162847, "train/s1.acc": 98.21614456176758, "train/s1.loss_bbox": 0.011991898814449087, "train/s2.loss_cls": 0.023211280489340423, "train/s2.acc": 98.75650787353516, "train/s2.loss_bbox": 0.005887770716799423, "train/loss": 0.8730831861495971, "train/grad_norm": 2.9979750156402587, "learning_rate": 9.349999999999997e-06, "momentum": 0.9, "_runtime": 49, "_timestamp": 1633996605, "_step": 30}