{"train/loss_rpn_cls": 0.013670635895687155, "train/loss_rpn_bbox": 0.01730535622336902, "train/s0.loss_cls": 0.09902686849236489, "train/s0.acc": 96.572265625, "train/s0.loss_bbox": 0.05793713117018342, "train/s1.loss_cls": 0.03985955258831382, "train/s1.acc": 96.9488510131836, "train/s1.loss_bbox": 0.0599795600399375, "train/s2.loss_cls": 0.022751534712733702, "train/s2.acc": 96.31695556640625, "train/s2.loss_bbox": 0.036154821328818795, "train/loss": 0.346685454621911, "train/grad_norm": 5.729307901859284, "learning_rate": 3.6349858045151214e-05, "momentum": 0.9, "_runtime": 30246, "_timestamp": 1633654432, "_step": 29292, "val/bbox_mAP": 0.445, "val/bbox_mAP_50": 0.609, "val/bbox_mAP_75": 0.482, "val/bbox_mAP_s": 0.0, "val/bbox_mAP_m": 0.122, "val/bbox_mAP_l": 0.529}