{"train/loss_rpn_cls": 0.17519754841923713, "train/loss_rpn_bbox": 0.0515150249004364, "train/s0.loss_cls": 0.4103604257106781, "train/s0.acc": 90.60546875, "train/s0.loss_bbox": 0.2382105216383934, "train/s1.loss_cls": 0.12438197545707226, "train/s1.acc": 94.951171875, "train/s1.loss_bbox": 0.08798054065555334, "train/s2.loss_cls": 0.03824150525033474, "train/s2.acc": 97.431640625, "train/s2.loss_bbox": 0.01976653845049441, "train/loss": 1.1456540912389754, "train/grad_norm": 9.089530444145202, "learning_rate": 3.485000000000001e-05, "momentum": 0.9, "_runtime": 208, "_timestamp": 1633624394, "_step": 200}