{"train/loss_cls": 0.9129801273345948, "train/loss_bbox": 0.3494781330227852, "train/loss_bbox_rf": 0.4424163460731506, "train/loss": 1.704874587059021, "train/grad_norm": 5.1147254467010494, "learning_rate": 1.542331592102885e-07, "momentum": 0.9, "_runtime": 28292, "_timestamp": 1632991874, "_step": 19561, "val/bbox_mAP": 0.288, "val/bbox_mAP_50": 0.407, "val/bbox_mAP_75": 0.308, "val/bbox_mAP_s": 0.0, "val/bbox_mAP_m": 0.06, "val/bbox_mAP_l": 0.348, "_wandb": {"runtime": 28294}}