{"train/loss_rpn_cls": 0.13407811596989633, "train/loss_rpn_bbox": 0.02400070335716009, "train/s0.loss_cls": 0.2603179305791855, "train/s0.acc": 95.55419921875, "train/s0.loss_bbox": 0.1037275955080986, "train/s1.loss_cls": 0.07431322112679481, "train/s1.acc": 97.68310546875, "train/s1.loss_bbox": 0.03620743416249752, "train/s2.loss_cls": 0.022634662874042987, "train/s2.acc": 98.7646484375, "train/s2.loss_bbox": 0.006146682472899556, "train/loss": 0.6614263474941253, "train/grad_norm": 4.203555965423584, "learning_rate": 3.0699999999999994e-05, "momentum": 0.9, "_runtime": 152, "_timestamp": 1633052737, "_step": 70}