{"train/loss_rpn_cls": 0.5314269632101059, "train/loss_rpn_bbox": 0.02696482609026134, "train/s0.loss_cls": 0.2429714798927307, "train/s0.acc": 95.46875, "train/s0.loss_bbox": 0.10613037757575512, "train/s1.loss_cls": 0.07850658837705851, "train/s1.acc": 97.76611328125, "train/s1.loss_bbox": 0.033159918943420054, "train/s2.loss_cls": 0.028907705564051867, "train/s2.acc": 98.68408203125, "train/s2.loss_bbox": 0.0058073799475096164, "train/loss": 1.0538752198219299, "train/grad_norm": 3.157726788520813, "learning_rate": 1.5220000000000002e-05, "momentum": 0.9, "_runtime": 56, "_timestamp": 1632935137, "_step": 30, "_wandb": {"runtime": 73}}