{"train/loss_cls": 0.6449341416358948, "train/loss_bbox": 0.2202013060450554, "train/loss_bbox_rf": 0.281627693772316, "train/loss": 1.1467631220817567, "train/grad_norm": 2.9695282697677614, "learning_rate": 0.00010000000000000002, "momentum": 0.9, "_runtime": 32475, "_timestamp": 1632995872, "_step": 6215, "val/bbox_mAP": 0.398, "val/bbox_mAP_50": 0.511, "val/bbox_mAP_75": 0.43, "val/bbox_mAP_s": 0.004, "val/bbox_mAP_m": 0.086, "val/bbox_mAP_l": 0.473, "_wandb": {"runtime": 32480}}