{"train/loss_rpn_cls": 0.11398635916411877, "train/loss_rpn_bbox": 0.03016522815451026, "train/s0.loss_cls": 0.28050464689731597, "train/s0.acc": 93.4049446105957, "train/s0.loss_bbox": 0.14865327775478362, "train/s1.loss_cls": 0.10028528049588203, "train/s1.acc": 95.8658821105957, "train/s1.loss_bbox": 0.0691218551248312, "train/s2.loss_cls": 0.036451433319598436, "train/s2.acc": 97.53906021118163, "train/s2.loss_bbox": 0.01670207530260086, "train/loss": 0.7958701610565185, "train/grad_norm": 4.276489329338074, "learning_rate": 3.3350000000000004e-05, "momentum": 0.9, "_runtime": 283, "_timestamp": 1634012392, "_step": 190}