{"train/loss_rpn_cls": 0.1478030152618885, "train/loss_rpn_bbox": 0.14807882010936738, "train/s0.loss_cls": 0.2271948367357254, "train/s0.acc": 95.69580078125, "train/s0.loss_bbox": 0.08684583380818367, "train/s1.loss_cls": 0.06271051168441773, "train/s1.acc": 98.16650390625, "train/s1.loss_bbox": 0.023262713057920336, "train/s2.loss_cls": 0.022464143671095373, "train/s2.acc": 98.75, "train/s2.loss_bbox": 0.009538687206804753, "train/loss": 0.7278985738754272, "train/grad_norm": 3.809413123130798, "learning_rate": 2.781999999999999e-05, "momentum": 0.9, "_runtime": 161, "_timestamp": 1632918002, "_step": 100}