{"train/loss_rpn_cls": 0.06867735628038645, "train/loss_rpn_bbox": 0.020945910131558776, "train/s0.loss_cls": 0.2798429623246193, "train/s0.acc": 92.470703125, "train/s0.loss_bbox": 0.11494959443807602, "train/s1.loss_cls": 0.1260663613677025, "train/s1.acc": 92.831640625, "train/s1.loss_bbox": 0.08690404556691647, "train/s2.loss_cls": 0.0528613518923521, "train/s2.acc": 93.96516952514648, "train/s2.loss_bbox": 0.03645597957074642, "train/loss": 0.7867035686969757, "train/grad_norm": 2.702012610435486, "learning_rate": 8.802030426985241e-05, "momentum": 0.9, "_runtime": 10155, "_timestamp": 1632958817, "_step": 4881, "val/bbox_mAP": 0.214, "val/bbox_mAP_50": 0.323, "val/bbox_mAP_75": 0.235, "val/bbox_mAP_s": 0.0, "val/bbox_mAP_m": 0.019, "val/bbox_mAP_l": 0.259}