{"train/loss_rpn_cls": 0.07298337956890463, "train/loss_rpn_bbox": 0.023127392283640802, "train/s0.loss_cls": 0.2909108079969883, "train/s0.acc": 92.64404296875, "train/s0.loss_bbox": 0.12022188715636731, "train/s1.loss_cls": 0.12712133936583997, "train/s1.acc": 93.206591796875, "train/s1.loss_bbox": 0.08218085616827012, "train/s2.loss_cls": 0.05183379091322422, "train/s2.acc": 94.10177612304688, "train/s2.loss_bbox": 0.030901526845991612, "train/loss": 0.7992809623479843, "train/grad_norm": 2.6317600846290587, "learning_rate": 8.535534638165785e-05, "momentum": 0.9, "_runtime": 10676, "_timestamp": 1632959338, "_step": 5100, "val/bbox_mAP": 0.193, "val/bbox_mAP_50": 0.288, "val/bbox_mAP_75": 0.209, "val/bbox_mAP_s": 0.0, "val/bbox_mAP_m": 0.017, "val/bbox_mAP_l": 0.236}