{"train/loss_rpn_cls": 0.25458417981863024, "train/loss_rpn_bbox": 0.055788666009902954, "train/s0.loss_cls": 0.33501864075660703, "train/s0.acc": 91.7138671875, "train/s0.loss_bbox": 0.2065430462360382, "train/s1.loss_cls": 0.10393957048654556, "train/s1.acc": 95.7421875, "train/s1.loss_bbox": 0.07578111905604601, "train/s2.loss_cls": 0.03140616994351149, "train/s2.acc": 97.9052734375, "train/s2.loss_bbox": 0.013967727310955524, "train/loss": 1.077029138803482, "train/grad_norm": 7.615210175514221, "learning_rate": 1.985e-05, "momentum": 0.9, "_runtime": 105, "_timestamp": 1633300953, "_step": 100}