{"train/loss_cls": 0.9396787047386169, "train/loss_bbox": 0.5958735287189484, "train/loss_bbox_rf": 0.7660529732704162, "train/loss": 2.301605224609375, "train/grad_norm": 1.7559076189994811, "learning_rate": 0.028284271247461905, "momentum": 0.9, "_runtime": 5280, "_timestamp": 1633083084, "_step": 1040, "val/bbox_mAP": 0.01, "val/bbox_mAP_50": 0.022, "val/bbox_mAP_75": 0.007, "val/bbox_mAP_s": 0.0, "val/bbox_mAP_m": 0.0, "val/bbox_mAP_l": 0.012}