{"train/loss_rpn_cls": 0.2054547116160393, "train/loss_rpn_bbox": 0.11750776879489422, "train/s0.loss_cls": 0.3925135090947151, "train/s0.acc": 91.1328125, "train/s0.loss_bbox": 0.18943139743059872, "train/s1.loss_cls": 0.14031134471297263, "train/s1.acc": 94.2333984375, "train/s1.loss_bbox": 0.10065168961882591, "train/s2.loss_cls": 0.04333862196654081, "train/s2.acc": 96.89453125, "train/s2.loss_bbox": 0.025482467096298932, "train/loss": 1.214691513776779, "train/grad_norm": 1.2437255740165711, "learning_rate": 0.02, "momentum": 0.9, "_runtime": 1501, "_timestamp": 1632890572, "_step": 980, "_wandb": {"runtime": 2135}}