{"train/loss_rpn_cls": 0.5686395287513732, "train/loss_rpn_bbox": 0.22464296817779542, "train/s0.loss_cls": 0.22519847750663757, "train/s0.acc": 96.416015625, "train/s0.loss_bbox": 0.07669257111847401, "train/s1.loss_cls": 0.06828063391149045, "train/s1.acc": 98.365478515625, "train/s1.loss_bbox": 0.022079904191195966, "train/s2.loss_cls": 0.019780774414539338, "train/s2.acc": 98.89404296875, "train/s2.loss_bbox": 0.008432796457782388, "train/loss": 1.2137476682662964, "train/grad_norm": 3.6838613033294676, "learning_rate": 1.7019999999999993e-05, "momentum": 0.9, "_runtime": 116, "_timestamp": 1632923128, "_step": 40}