{"train/loss_rpn_cls": 0.6801474153995514, "train/loss_rpn_bbox": 0.04873182475566864, "train/s0.loss_cls": 0.7536954313516617, "train/s0.acc": 80.20751953125, "train/s0.loss_bbox": 0.0881209746003151, "train/s1.loss_cls": 0.24667751863598825, "train/s1.acc": 90.3411865234375, "train/s1.loss_bbox": 0.02726890556514263, "train/s2.loss_cls": 0.30527096167206763, "train/s2.acc": 64.888916015625, "train/s2.loss_bbox": 0.010651536518707871, "train/loss": 2.160564625263214, "train/grad_norm": 19.162727427482604, "learning_rate": 1.1619999999999997e-05, "momentum": 0.9, "_runtime": 32, "_timestamp": 1632760623, "_step": 10}