{"train/loss_cls": 0.876929834485054, "train/loss_bbox": 0.7100042939186096, "train/loss_bbox_rf": 0.9443316459655762, "train/loss": 2.5312657833099363, "train/grad_norm": 1.2516144394874573, "learning_rate": 0.005, "momentum": 0.9, "_runtime": 33900, "_timestamp": 1633069936, "_step": 17092, "val/bbox_mAP": 0.001, "val/bbox_mAP_50": 0.005, "val/bbox_mAP_75": 0.0, "val/bbox_mAP_s": 0.0, "val/bbox_mAP_m": 0.0, "val/bbox_mAP_l": 0.002}