{"train/loss_cls": 1.373617935180664, "train/loss_bbox": 2.4450797557830812, "train/loss_obj": 3.7077410936355593, "train/loss": 7.526438760757446, "train/grad_norm": 11.206625127792359, "learning_rate": 4.5816487120629406e-05, "momentum": 0.9, "_runtime": 67188, "_timestamp": 1633870022, "_step": 77660, "val/bbox_mAP": 0.108, "val/bbox_mAP_50": 0.169, "val/bbox_mAP_75": 0.114, "val/bbox_mAP_s": 0.001, "val/bbox_mAP_m": 0.015, "val/bbox_mAP_l": 0.133, "_wandb": {"runtime": 67197}}