{"train/loss_rpn_cls": 0.049513263069093226, "train/loss_rpn_bbox": 0.032994470465928315, "train/s0.loss_cls": 0.2650658369064331, "train/s0.acc": 91.4013671875, "train/s0.loss_bbox": 0.14258381500840187, "train/s1.loss_cls": 0.12948491424322128, "train/s1.acc": 91.73047180175782, "train/s1.loss_bbox": 0.13294793143868447, "train/s2.loss_cls": 0.059611943736672404, "train/s2.acc": 91.95533905029296, "train/s2.loss_bbox": 0.07290306873619556, "train/loss": 0.8851052105426789, "train/grad_norm": 5.26575448513031, "learning_rate": 4.99229338827948e-05, "momentum": 0.9, "_runtime": 2051, "_timestamp": 1633303042, "_step": 1947, "val/bbox_mAP": 0.254, "val/bbox_mAP_50": 0.439, "val/bbox_mAP_75": 0.262, "val/bbox_mAP_s": 0.001, "val/bbox_mAP_m": 0.057, "val/bbox_mAP_l": 0.307, "_wandb": {"runtime": 2072}}