{"train/loss_rpn_cls": 0.03846350712701678, "train/loss_rpn_bbox": 0.01484348438680172, "train/s0.loss_cls": 0.24971151649951934, "train/s0.acc": 93.09814453125, "train/s0.loss_bbox": 0.09538791254162789, "train/s1.loss_cls": 0.1203637145459652, "train/s1.acc": 93.10518493652344, "train/s1.loss_bbox": 0.07970804311335086, "train/s2.loss_cls": 0.049452724494040014, "train/s2.acc": 94.30680770874024, "train/s2.loss_bbox": 0.03347224276512861, "train/loss": 0.6814031332731247, "train/grad_norm": 2.861807441711426, "learning_rate": 8.247241994410676e-05, "momentum": 0.9, "_runtime": 17537, "_timestamp": 1633052067, "_step": 8668, "val/bbox_mAP": 0.252, "val/bbox_mAP_50": 0.361, "val/bbox_mAP_75": 0.276, "val/bbox_mAP_s": 0.001, "val/bbox_mAP_m": 0.026, "val/bbox_mAP_l": 0.306}