{"train/loss_rpn_cls": 0.03881524110212922, "train/loss_rpn_bbox": 0.021297671906650065, "train/s0.loss_cls": 0.33454354614019394, "train/s0.acc": 90.9541015625, "train/s0.loss_bbox": 0.147436810657382, "train/s1.loss_cls": 0.15955633841454983, "train/s1.acc": 91.16204864501952, "train/s1.loss_bbox": 0.126682069003582, "train/s2.loss_cls": 0.06423408027738332, "train/s2.acc": 93.31940139770508, "train/s2.loss_bbox": 0.05668958567082882, "train/loss": 0.9492553442716598, "train/grad_norm": 6.100890345573426, "learning_rate": 4.877642147248849e-05, "momentum": 0.9, "_runtime": 2166, "_timestamp": 1633958416, "_step": 1236, "val/bbox_mAP": 0.01, "val/bbox_mAP_50": 0.022, "val/bbox_mAP_75": 0.009, "val/bbox_mAP_s": 0.012, "val/bbox_mAP_m": 0.025, "val/bbox_mAP_l": 0.006, "_wandb": {"runtime": 2189}}