{"train/loss_cls": 2.097241020202637, "train/loss_bbox": 2.8781084537506105, "train/loss_obj": 4.590262603759766, "train/loss": 9.56561212539673, "train/grad_norm": 7.114212536811829, "learning_rate": 9.953739526182802e-05, "momentum": 0.9, "_runtime": 6385, "_timestamp": 1633779449, "_step": 6440, "val/bbox_mAP": 0.006, "val/bbox_mAP_50": 0.017, "val/bbox_mAP_75": 0.002, "val/bbox_mAP_s": 0.0, "val/bbox_mAP_m": 0.001, "val/bbox_mAP_l": 0.007}