{"train/loss_cls": 0.0, "train/loss_bbox": 0.0, "train/loss_obj": 443.4046997070312, "train/loss": 443.4046997070312, "train/grad_norm": 4346.286669921875, "learning_rate": 4.085e-05, "momentum": 0.9, "_runtime": 214, "_timestamp": 1633666674, "_step": 240, "_wandb": {"runtime": 260}}