{"train/loss_rpn_cls": 0.13712493777275087, "train/loss_rpn_bbox": 0.031456203665584326, "train/s0.loss_cls": 0.2780390828847885, "train/s0.acc": 94.7265625, "train/s0.loss_bbox": 0.11991632245481014, "train/s1.loss_cls": 0.08110618144273758, "train/s1.acc": 97.27294921875, "train/s1.loss_bbox": 0.04564303178340197, "train/s2.loss_cls": 0.02293664636090398, "train/s2.acc": 98.65478515625, "train/s2.loss_bbox": 0.008153489837422968, "train/loss": 0.7243758916854859, "train/grad_norm": 3.700045037269592, "learning_rate": 3.0499999999999996e-05, "momentum": 0.9, "_runtime": 238, "_timestamp": 1633082882, "_step": 110}