{"train/loss_rpn_cls": 0.6629437685012818, "train/loss_rpn_bbox": 0.028139604814350606, "train/s0.loss_cls": 1.0440747141838074, "train/s0.acc": 74.056396484375, "train/s0.loss_bbox": 0.0648004250600934, "train/s1.loss_cls": 0.5152413941919803, "train/s1.acc": 74.31396484375, "train/s1.loss_bbox": 0.021597895585000516, "train/s2.loss_cls": 0.14565106369554998, "train/s2.acc": 82.96142578125, "train/s2.loss_bbox": 0.005766306165605783, "train/loss": 2.488215070962906, "train/grad_norm": 34.697256898880006, "learning_rate": 1.1619999999999997e-05, "momentum": 0.9, "_runtime": 35, "_timestamp": 1632935778, "_step": 10}