{"train/loss_rpn_cls": 0.5754327100515365, "train/loss_rpn_bbox": 0.057227936536073686, "train/s0.loss_cls": 0.4646686241775751, "train/s0.acc": 91.3740234375, "train/s0.loss_bbox": 0.2032396375387907, "train/s1.loss_cls": 0.16020545735955238, "train/s1.acc": 94.353515625, "train/s1.loss_bbox": 0.05560067759361118, "train/s2.loss_cls": 0.06337429342325777, "train/s2.acc": 95.419921875, "train/s2.loss_bbox": 0.012995962665881962, "train/loss": 1.5927453207969666, "learning_rate": 1.8909999999999993e-05, "momentum": 0.9, "_runtime": 69, "_timestamp": 1633968560, "_step": 100, "_wandb": {"runtime": 126}}