{"train/loss_cls": 1.8041495561599732, "train/loss_bbox": 3.645193076133728, "train/loss_obj": 5.507296991348267, "train/loss": 10.956639289855957, "train/grad_norm": 20.067026138305664, "learning_rate": 5.942857142857144e-05, "momentum": 0.9, "_runtime": 409, "_timestamp": 1633669212, "_step": 246, "val/bbox_mAP": 0.0, "val/bbox_mAP_50": 0.0, "val/bbox_mAP_75": 0.0, "val/bbox_mAP_s": 0.0, "val/bbox_mAP_m": 0.0, "val/bbox_mAP_l": 0.0, "_wandb": {"runtime": 419}}