{"train/loss_rpn_cls": 0.01224486067349062, "train/loss_rpn_bbox": 0.01526449688943103, "train/s0.loss_cls": 0.1365023184195161, "train/s0.acc": 95.0771484375, "train/s0.loss_bbox": 0.07541073883650824, "train/s1.loss_cls": 0.050215936542954295, "train/s1.acc": 96.458984375, "train/s1.loss_bbox": 0.053865746702067556, "train/s2.loss_cls": 0.014208447930286638, "train/s2.acc": 98.1455078125, "train/s2.loss_bbox": 0.01612430754932575, "train/loss": 0.37383685279637574, "learning_rate": 1.5421319003695113e-07, "momentum": 0.9, "_runtime": 64069, "_timestamp": 1634033204, "_step": 97638, "_wandb": {"runtime": 64100}}