{"train/loss_cls": 1.9732404828071595, "train/loss_bbox": 2.910505843162537, "train/loss_obj": 4.437311315536499, "train/loss": 9.321057605743409, "train/grad_norm": 7.28972806930542, "learning_rate": 9.938442133883769e-05, "momentum": 0.9, "_runtime": 1180, "_timestamp": 1633790864, "_step": 7500, "val/bbox_mAP": 0.009, "val/bbox_mAP_50": 0.022, "val/bbox_mAP_75": 0.006, "val/bbox_mAP_s": 0.0, "val/bbox_mAP_m": 0.004, "val/bbox_mAP_l": 0.01}