{"train/loss_rpn_cls": 0.10691405959427357, "train/loss_rpn_bbox": 0.09231384722981602, "train/s0.loss_cls": 0.5629683104157448, "train/s0.acc": 83.8544921875, "train/s0.loss_bbox": 0.1811414160951972, "train/s1.loss_cls": 0.17386230934411287, "train/s1.acc": 90.5849609375, "train/s1.loss_bbox": 0.1041357793752104, "train/s2.loss_cls": 0.04047796243801713, "train/s2.acc": 96.1044921875, "train/s2.loss_bbox": 0.02342995576793328, "train/loss": 1.2852436256408692, "train/grad_norm": 2.9700520396232606, "learning_rate": 0.019723699425017404, "momentum": 0.9, "_runtime": 11418, "_timestamp": 1633925779, "_step": 6277, "val/bbox_mAP": 0.099, "val/bbox_mAP_50": 0.16, "val/bbox_mAP_75": 0.106, "val/bbox_mAP_s": 0.005, "val/bbox_mAP_m": 0.019, "val/bbox_mAP_l": 0.121, "_wandb": {"runtime": 11437}}