{"train/loss_cls": 1.1609292387962342, "train/loss_bbox": 0.43095982670783994, "train/loss_bbox_rf": 0.5372005313634872, "train/loss": 2.129089617729187, "train/grad_norm": 2.3998928666114807, "learning_rate": 0.00010000000000000002, "momentum": 0.9, "_runtime": 31872, "_timestamp": 1632937146, "_step": 7295, "val/bbox_mAP": 0.05, "val/bbox_mAP_50": 0.085, "val/bbox_mAP_75": 0.051, "val/bbox_mAP_s": 0.0, "val/bbox_mAP_m": 0.026, "val/bbox_mAP_l": 0.06}