{"train/loss_rpn_cls": 0.035358793940395115, "train/loss_rpn_bbox": 0.03307480649091303, "train/s0.loss_cls": 0.32092639692127706, "train/s0.acc": 90.0390625, "train/s0.loss_bbox": 0.18264505825936794, "train/s1.loss_cls": 0.14718292262405158, "train/s1.acc": 90.76125411987304, "train/s1.loss_bbox": 0.14670961797237397, "train/s2.loss_cls": 0.0659388564992696, "train/s2.acc": 92.75030822753907, "train/s2.loss_bbox": 0.07497650105506182, "train/loss": 1.0068129390478133, "train/grad_norm": 5.986763525009155, "learning_rate": 4.99229338827948e-05, "momentum": 0.9, "_runtime": 7348, "_timestamp": 1633615065, "_step": 2513, "val/bbox_mAP": 0.258, "val/bbox_mAP_50": 0.43, "val/bbox_mAP_75": 0.282, "val/bbox_mAP_s": 0.002, "val/bbox_mAP_m": 0.041, "val/bbox_mAP_l": 0.311}