{"train/loss_rpn_cls": 0.00936874462349806, "train/loss_rpn_bbox": 0.011639610829297454, "train/s0.loss_cls": 0.059008748084306714, "train/s0.acc": 97.6806640625, "train/s0.loss_bbox": 0.044415108021348716, "train/s1.loss_cls": 0.02195844631642103, "train/s1.acc": 98.26171340942383, "train/s1.loss_bbox": 0.03860724349506199, "train/s2.loss_cls": 0.010176986159058288, "train/s2.acc": 98.34477081298829, "train/s2.loss_bbox": 0.02857981752604246, "train/loss": 0.22375470791012048, "train/grad_norm": 2.8163866341114043, "learning_rate": 6.910971547941557e-07, "momentum": 0.9, "_runtime": 41627, "_timestamp": 1633346105, "_step": 36539, "val/bbox_mAP": 0.486, "val/bbox_mAP_50": 0.626, "val/bbox_mAP_75": 0.52, "val/bbox_mAP_s": 0.021, "val/bbox_mAP_m": 0.17, "val/bbox_mAP_l": 0.567, "_wandb": {"runtime": 41630}}