{"train/loss_rpn_cls": 0.051020752359181645, "train/loss_rpn_bbox": 0.03660756559111178, "train/s0.loss_cls": 0.27894257232546804, "train/s0.acc": 91.4111328125, "train/s0.loss_bbox": 0.15155231058597565, "train/s1.loss_cls": 0.14119954630732537, "train/s1.acc": 91.06611709594726, "train/s1.loss_bbox": 0.14312532618641854, "train/s2.loss_cls": 0.06516011320054531, "train/s2.acc": 91.54309768676758, "train/s2.loss_bbox": 0.07754970118403434, "train/loss": 0.9451578587293625, "train/grad_norm": 5.7378356695175174, "learning_rate": 4.99229338827948e-05, "momentum": 0.9, "_runtime": 3912, "_timestamp": 1633375614, "_step": 1127, "val/bbox_mAP": 0.193, "val/bbox_mAP_50": 0.323, "val/bbox_mAP_75": 0.203, "val/bbox_mAP_s": 0.002, "val/bbox_mAP_m": 0.028, "val/bbox_mAP_l": 0.237}