{"train/loss_rpn_cls": 0.0810040395706892, "train/loss_rpn_bbox": 0.2279721423983574, "train/s0.loss_cls": 0.18859705030918122, "train/s0.acc": 94.124755859375, "train/s0.loss_bbox": 0.21264829412102698, "train/s1.loss_cls": 0.08840821534395218, "train/s1.acc": 94.57630767822266, "train/s1.loss_bbox": 0.09071380645036697, "train/s2.loss_cls": 0.03778805341571569, "train/s2.acc": 95.45420989990234, "train/s2.loss_bbox": 0.0309743681922555, "train/loss": 0.9581059753894806, "train/grad_norm": 2.1990264296531676, "learning_rate": 1.542331592102885e-07, "momentum": 0.9, "_runtime": 28970, "_timestamp": 1632800065, "_step": 9801, "val/bbox_mAP": 0.123, "val/bbox_mAP_50": 0.215, "val/bbox_mAP_75": 0.122, "val/bbox_mAP_s": 0.0, "val/bbox_mAP_m": 0.02, "val/bbox_mAP_l": 0.15, "_wandb": {"runtime": 28973}}