{"train/loss_rpn_cls": 0.0349009333178401, "train/loss_rpn_bbox": 0.015083072939887643, "train/s0.loss_cls": 0.16563462764024733, "train/s0.acc": 94.478759765625, "train/s0.loss_bbox": 0.09261608049273491, "train/s1.loss_cls": 0.07654292806982994, "train/s1.acc": 94.72453918457032, "train/s1.loss_bbox": 0.07860680446028709, "train/s2.loss_cls": 0.03623084332793951, "train/s2.acc": 94.55287170410156, "train/s2.loss_bbox": 0.04261444788426161, "train/loss": 0.5422297447919846, "train/grad_norm": 2.8869193315505983, "learning_rate": 2.871110671071095e-05, "momentum": 0.9, "_runtime": 24598, "_timestamp": 1632916978, "_step": 7900, "val/bbox_mAP": 0.221, "val/bbox_mAP_50": 0.363, "val/bbox_mAP_75": 0.235, "val/bbox_mAP_s": 0.002, "val/bbox_mAP_m": 0.026, "val/bbox_mAP_l": 0.267}