{"train/loss_cls": 0.8199178874492645, "train/loss_bbox": 0.7709310412406921, "train/loss_bbox_rf": 1.0286801993846892, "train/loss": 2.6195290803909304, "train/grad_norm": 0.8852865040302277, "learning_rate": 0.017310508747310147, "momentum": 0.8923047276344104, "_runtime": 12603, "_timestamp": 1633033313, "_step": 5768, "val/bbox_mAP": 0.001, "val/bbox_mAP_50": 0.004, "val/bbox_mAP_75": 0.0, "val/bbox_mAP_s": 0.0, "val/bbox_mAP_m": 0.0, "val/bbox_mAP_l": 0.001}