{"train/loss_rpn_cls": 0.1973645955324173, "train/loss_rpn_bbox": 0.16437148600816726, "train/s0.loss_cls": 0.2866661474108696, "train/s0.acc": 95.63232421875, "train/s0.loss_bbox": 0.07900996953248977, "train/s1.loss_cls": 0.08236724771559238, "train/s1.acc": 98.44970703125, "train/s1.loss_bbox": 0.019611658155918123, "train/s2.loss_cls": 0.03182767182588577, "train/s2.acc": 98.69873046875, "train/s2.loss_bbox": 0.008417276991531253, "train/loss": 0.8696360766887665, "train/grad_norm": 5.630159091949463, "learning_rate": 0.00013419999999999998, "momentum": 0.9, "_runtime": 42, "_timestamp": 1632851837, "_step": 20}