{"train/loss_rpn_cls": 0.24851093702018262, "train/loss_rpn_bbox": 0.10028298316523433, "train/s0.loss_cls": 0.6721368736028671, "train/s0.acc": 92.4365234375, "train/s0.loss_bbox": 0.1727028917707503, "train/s1.loss_cls": 0.1064793824404478, "train/s1.acc": 96.5595703125, "train/s1.loss_bbox": 0.055893548513995486, "train/s2.loss_cls": 0.02863445405382663, "train/s2.acc": 98.3251953125, "train/s2.loss_bbox": 0.00902258545876748, "train/loss": 1.3936636608839035, "learning_rate": 0.0001, "momentum": 0.9, "_runtime": 4384, "_timestamp": 1633851761, "_step": 49075, "val/bbox_mAP": 0.002, "val/bbox_mAP_50": 0.006, "val/bbox_mAP_75": 0.001, "val/bbox_mAP_s": 0.0, "val/bbox_mAP_m": 0.004, "val/bbox_mAP_l": 0.002}