{"train/loss_rpn_cls": 0.6102277219295502, "train/loss_rpn_bbox": 0.047976557770743965, "train/s0.loss_cls": 0.29408452212810515, "train/s0.acc": 95.9130859375, "train/s0.loss_bbox": 0.09088023826479912, "train/s1.loss_cls": 0.10361811518669128, "train/s1.acc": 97.87353515625, "train/s1.loss_bbox": 0.026473167538642883, "train/s2.loss_cls": 0.03532226635143161, "train/s2.acc": 98.6181640625, "train/s2.loss_bbox": 0.00533044965704903, "train/loss": 1.2139130294322968, "train/grad_norm": 3.932249069213867, "learning_rate": 1.5700000000000002e-05, "momentum": 0.9, "_runtime": 46, "_timestamp": 1633034496, "_step": 20}