{"train/loss_rpn_cls": 0.08492003921419382, "train/loss_rpn_bbox": 0.02847795495763421, "train/s0.loss_cls": 0.30163768231868743, "train/s0.acc": 92.3681640625, "train/s0.loss_bbox": 0.11601644530892372, "train/s1.loss_cls": 0.12992646172642708, "train/s1.acc": 92.79745941162109, "train/s1.loss_bbox": 0.07148981988430023, "train/s2.loss_cls": 0.0571579072624445, "train/s2.acc": 93.37930450439453, "train/s2.loss_bbox": 0.0316557920537889, "train/loss": 0.821282121539116, "train/grad_norm": 2.4937989354133605, "learning_rate": 7.131847697542115e-05, "momentum": 0.9, "_runtime": 3874, "_timestamp": 1633081967, "_step": 1138, "val/bbox_mAP": 0.104, "val/bbox_mAP_50": 0.17, "val/bbox_mAP_75": 0.116, "val/bbox_mAP_s": 0.005, "val/bbox_mAP_m": 0.05, "val/bbox_mAP_l": 0.127}