{"train/loss_rpn_cls": 0.11840960681438446, "train/loss_rpn_bbox": 0.06837883011903614, "train/s0.loss_cls": 0.17614720724523067, "train/s0.acc": 97.51953125, "train/s0.loss_bbox": 0.050453240796923635, "train/s1.loss_cls": 0.07109933122992515, "train/s1.acc": 98.7744140625, "train/s1.loss_bbox": 0.01563716381788254, "train/s2.loss_cls": 0.030040342733263968, "train/s2.acc": 98.92333984375, "train/s2.loss_bbox": 0.0077013177797198296, "train/loss": 0.5378670275211335, "train/grad_norm": 4.075377261638641, "learning_rate": 0.0001522, "momentum": 0.9, "_runtime": 33, "_timestamp": 1632855667, "_step": 30}