{"train/loss_rpn_cls": 0.009315238893032074, "train/loss_rpn_bbox": 0.009549265701207333, "train/s0.loss_cls": 0.0562893801368773, "train/s0.acc": 97.783203125, "train/s0.loss_bbox": 0.039864448830485344, "train/s1.loss_cls": 0.017715925839729606, "train/s1.acc": 98.62549743652343, "train/s1.loss_bbox": 0.03871386011596769, "train/s2.loss_cls": 0.008732579258503393, "train/s2.acc": 98.67153472900391, "train/s2.loss_bbox": 0.026027224445715546, "train/loss": 0.20620791800320148, "train/grad_norm": 2.2214694261550902, "learning_rate": 2.7251678214325385e-06, "momentum": 0.9, "_runtime": 52662, "_timestamp": 1633606756, "_step": 48076, "val/bbox_mAP": 0.503, "val/bbox_mAP_50": 0.633, "val/bbox_mAP_75": 0.532, "val/bbox_mAP_s": 0.014, "val/bbox_mAP_m": 0.12, "val/bbox_mAP_l": 0.592}