{"train/loss_rpn_cls": 0.5428808569908142, "train/loss_rpn_bbox": 0.029914755513891576, "train/s0.loss_cls": 0.25860101729631424, "train/s0.acc": 95.546875, "train/s0.loss_bbox": 0.12632426768541336, "train/s1.loss_cls": 0.08498849608004093, "train/s1.acc": 98.017578125, "train/s1.loss_bbox": 0.03787977080792189, "train/s2.loss_cls": 0.035348097514361146, "train/s2.acc": 98.8427734375, "train/s2.loss_bbox": 0.007838199497200549, "train/loss": 1.1237754940986633, "train/grad_norm": 6.161189413070678, "learning_rate": 9.349999999999997e-06, "momentum": 0.9, "_runtime": 37, "_timestamp": 1633196823, "_step": 30}