{"train/loss_cls": 1.1049358367919921, "train/loss_bbox": 0.49160586595535277, "train/loss_bbox_rf": 0.6240232527256012, "train/loss": 2.2205649614334106, "train/grad_norm": 8.106886053085328, "learning_rate": 9.755282826193188e-05, "momentum": 0.9, "_runtime": 3908, "_timestamp": 1633030160, "_step": 1180, "val/bbox_mAP": 0.081, "val/bbox_mAP_50": 0.128, "val/bbox_mAP_75": 0.089, "val/bbox_mAP_s": 0.0, "val/bbox_mAP_m": 0.01, "val/bbox_mAP_l": 0.102}