{"train/loss_cls": 1.0564557909965515, "train/loss_bbox": 0.5120392918586731, "train/loss_bbox_rf": 0.6625750541687012, "train/loss": 2.231070137023926, "train/grad_norm": 7.54894790649414, "learning_rate": 9.861849740138782e-05, "momentum": 0.9, "_runtime": 3212, "_timestamp": 1633029464, "_step": 975, "val/bbox_mAP": 0.067, "val/bbox_mAP_50": 0.111, "val/bbox_mAP_75": 0.073, "val/bbox_mAP_s": 0.0, "val/bbox_mAP_m": 0.008, "val/bbox_mAP_l": 0.084}