{"train/loss_cls": 1.0308801293373109, "train/loss_bbox": 0.5147197872400284, "train/loss_bbox_rf": 0.661186933517456, "train/loss": 2.20678688287735, "train/grad_norm": 6.526983785629272, "learning_rate": 9.861849740138782e-05, "momentum": 0.9, "_runtime": 2996, "_timestamp": 1633029248, "_step": 905, "val/bbox_mAP": 0.067, "val/bbox_mAP_50": 0.111, "val/bbox_mAP_75": 0.073, "val/bbox_mAP_s": 0.0, "val/bbox_mAP_m": 0.008, "val/bbox_mAP_l": 0.084}