{"train/loss_cls": 1.0669588208198548, "train/loss_bbox": 0.4838661104440689, "train/loss_bbox_rf": 0.6236298680305481, "train/loss": 2.1744548082351685, "train/grad_norm": 6.164445757865906, "learning_rate": 9.755282826193188e-05, "momentum": 0.9, "_runtime": 3786, "_timestamp": 1633030038, "_step": 1140, "val/bbox_mAP": 0.081, "val/bbox_mAP_50": 0.128, "val/bbox_mAP_75": 0.089, "val/bbox_mAP_s": 0.0, "val/bbox_mAP_m": 0.01, "val/bbox_mAP_l": 0.102}