{"train/loss_cls": 1.0162910878658296, "train/loss_bbox": 0.5402555018663406, "train/loss_bbox_rf": 0.6971950709819794, "train/loss": 2.253741645812988, "train/grad_norm": 6.32881395816803, "learning_rate": 9.861849740138782e-05, "momentum": 0.9, "_runtime": 2813, "_timestamp": 1633029065, "_step": 845, "val/bbox_mAP": 0.067, "val/bbox_mAP_50": 0.111, "val/bbox_mAP_75": 0.073, "val/bbox_mAP_s": 0.0, "val/bbox_mAP_m": 0.008, "val/bbox_mAP_l": 0.084}