{"train/loss_cls": 1.0253546595573426, "train/loss_bbox": 0.5067010164260864, "train/loss_bbox_rf": 0.6608210325241088, "train/loss": 2.1928767442703245, "train/grad_norm": 5.8201250553131105, "learning_rate": 9.755282826193188e-05, "momentum": 0.9, "_runtime": 3847, "_timestamp": 1633030099, "_step": 1160, "val/bbox_mAP": 0.081, "val/bbox_mAP_50": 0.128, "val/bbox_mAP_75": 0.089, "val/bbox_mAP_s": 0.0, "val/bbox_mAP_m": 0.01, "val/bbox_mAP_l": 0.102}