{"train/loss_cls": 1.0100711703300476, "train/loss_bbox": 0.5070775091648102, "train/loss_bbox_rf": 0.6622141301631927, "train/loss": 2.179362785816193, "train/grad_norm": 5.544230270385742, "learning_rate": 9.755282826193188e-05, "momentum": 0.9, "_runtime": 3725, "_timestamp": 1633029977, "_step": 1120, "val/bbox_mAP": 0.081, "val/bbox_mAP_50": 0.128, "val/bbox_mAP_75": 0.089, "val/bbox_mAP_s": 0.0, "val/bbox_mAP_m": 0.01, "val/bbox_mAP_l": 0.102}