{"train/loss_cls": 1.0631569623947144, "train/loss_bbox": 0.4671303957700729, "train/loss_bbox_rf": 0.6050096750259399, "train/loss": 2.1352970123291017, "train/grad_norm": 6.239016675949097, "learning_rate": 9.755282826193188e-05, "momentum": 0.9, "_runtime": 4031, "_timestamp": 1633030283, "_step": 1220, "val/bbox_mAP": 0.081, "val/bbox_mAP_50": 0.128, "val/bbox_mAP_75": 0.089, "val/bbox_mAP_s": 0.0, "val/bbox_mAP_m": 0.01, "val/bbox_mAP_l": 0.102}