{"train/loss_cls": 1.0734628856182098, "train/loss_bbox": 0.47384053170681, "train/loss_bbox_rf": 0.6115027874708175, "train/loss": 2.1588062286376952, "train/grad_norm": 6.270421361923217, "learning_rate": 9.619398043158771e-05, "momentum": 0.9, "_runtime": 4235, "_timestamp": 1633030487, "_step": 1265, "val/bbox_mAP": 0.104, "val/bbox_mAP_50": 0.166, "val/bbox_mAP_75": 0.11, "val/bbox_mAP_s": 0.0, "val/bbox_mAP_m": 0.023, "val/bbox_mAP_l": 0.129}