{"train/loss_cls": 1.0527036488056183, "train/loss_bbox": 0.49507170021533964, "train/loss_bbox_rf": 0.6451007843017578, "train/loss": 2.192876172065735, "train/grad_norm": 6.0634660720825195, "learning_rate": 9.755282826193188e-05, "momentum": 0.9, "_runtime": 3572, "_timestamp": 1633029824, "_step": 1070, "val/bbox_mAP": 0.081, "val/bbox_mAP_50": 0.128, "val/bbox_mAP_75": 0.089, "val/bbox_mAP_s": 0.0, "val/bbox_mAP_m": 0.01, "val/bbox_mAP_l": 0.102}