{"train/loss_cls": 1.0244069993495941, "train/loss_bbox": 0.5046900928020477, "train/loss_bbox_rf": 0.6570558726787568, "train/loss": 2.18615300655365, "train/grad_norm": 4.923762488365173, "learning_rate": 9.619398043158771e-05, "momentum": 0.9, "_runtime": 4143, "_timestamp": 1633030395, "_step": 1235, "val/bbox_mAP": 0.104, "val/bbox_mAP_50": 0.166, "val/bbox_mAP_75": 0.11, "val/bbox_mAP_s": 0.0, "val/bbox_mAP_m": 0.023, "val/bbox_mAP_l": 0.129}