{"train/loss_cls": 1.05749209523201, "train/loss_bbox": 0.4564995586872101, "train/loss_bbox_rf": 0.5818750411272049, "train/loss": 2.095866692066193, "train/grad_norm": 7.069759893417358, "learning_rate": 9.455033165909218e-05, "momentum": 0.9, "_runtime": 5572, "_timestamp": 1633031824, "_step": 1680, "val/bbox_mAP": 0.116, "val/bbox_mAP_50": 0.176, "val/bbox_mAP_75": 0.124, "val/bbox_mAP_s": 0.0, "val/bbox_mAP_m": 0.01, "val/bbox_mAP_l": 0.145}