{"train/loss_cls": 1.0776077091693879, "train/loss_bbox": 0.43979737162590027, "train/loss_bbox_rf": 0.5610990524291992, "train/loss": 2.0785041093826293, "train/grad_norm": 6.7024482727050785, "learning_rate": 9.455033165909218e-05, "momentum": 0.9, "_runtime": 5511, "_timestamp": 1633031763, "_step": 1660, "val/bbox_mAP": 0.116, "val/bbox_mAP_50": 0.176, "val/bbox_mAP_75": 0.124, "val/bbox_mAP_s": 0.0, "val/bbox_mAP_m": 0.01, "val/bbox_mAP_l": 0.145}