{"train/loss_cls": 1.0473438501358032, "train/loss_bbox": 0.47028981149196625, "train/loss_bbox_rf": 0.6043238431215286, "train/loss": 2.121957468986511, "train/grad_norm": 5.923742580413818, "learning_rate": 9.619398043158771e-05, "momentum": 0.9, "_runtime": 4510, "_timestamp": 1633030762, "_step": 1355, "val/bbox_mAP": 0.104, "val/bbox_mAP_50": 0.166, "val/bbox_mAP_75": 0.11, "val/bbox_mAP_s": 0.0, "val/bbox_mAP_m": 0.023, "val/bbox_mAP_l": 0.129}