{"train/loss_cls": 1.064795458316803, "train/loss_bbox": 0.4807690292596817, "train/loss_bbox_rf": 0.6180125594139099, "train/loss": 2.1635770320892336, "train/grad_norm": 6.182176303863526, "learning_rate": 9.861849740138782e-05, "momentum": 0.9, "_runtime": 2659, "_timestamp": 1633028911, "_step": 795, "val/bbox_mAP": 0.067, "val/bbox_mAP_50": 0.111, "val/bbox_mAP_75": 0.073, "val/bbox_mAP_s": 0.0, "val/bbox_mAP_m": 0.008, "val/bbox_mAP_l": 0.084}