{"train/loss_cls": 1.1005816340446473, "train/loss_bbox": 0.43200134932994844, "train/loss_bbox_rf": 0.5583298355340958, "train/loss": 2.0909128189086914, "train/grad_norm": 5.486964082717895, "learning_rate": 9.455033165909218e-05, "momentum": 0.9, "_runtime": 5634, "_timestamp": 1633031886, "_step": 1700, "val/bbox_mAP": 0.116, "val/bbox_mAP_50": 0.176, "val/bbox_mAP_75": 0.124, "val/bbox_mAP_s": 0.0, "val/bbox_mAP_m": 0.01, "val/bbox_mAP_l": 0.145}