{"train/loss_cls": 1.069543433189392, "train/loss_bbox": 0.4694781392812729, "train/loss_bbox_rf": 0.6050751566886902, "train/loss": 2.1440967321395874, "train/grad_norm": 6.657443189620972, "learning_rate": 9.619398043158771e-05, "momentum": 0.9, "_runtime": 4356, "_timestamp": 1633030608, "_step": 1305, "val/bbox_mAP": 0.104, "val/bbox_mAP_50": 0.166, "val/bbox_mAP_75": 0.11, "val/bbox_mAP_s": 0.0, "val/bbox_mAP_m": 0.023, "val/bbox_mAP_l": 0.129}