{"train/loss_cls": 1.0227726876735688, "train/loss_bbox": 0.5281670689582825, "train/loss_bbox_rf": 0.6850095689296722, "train/loss": 2.2359493732452393, "train/grad_norm": 5.875186705589295, "learning_rate": 9.755282826193188e-05, "momentum": 0.9, "_runtime": 3390, "_timestamp": 1633029642, "_step": 1010, "val/bbox_mAP": 0.081, "val/bbox_mAP_50": 0.128, "val/bbox_mAP_75": 0.089, "val/bbox_mAP_s": 0.0, "val/bbox_mAP_m": 0.01, "val/bbox_mAP_l": 0.102}