{"train/loss_cls": 1.048373144865036, "train/loss_bbox": 0.4639201432466507, "train/loss_bbox_rf": 0.5979281067848206, "train/loss": 2.1102213621139527, "train/grad_norm": 5.6827075481414795, "learning_rate": 9.455033165909218e-05, "momentum": 0.9, "_runtime": 5450, "_timestamp": 1633031702, "_step": 1640, "val/bbox_mAP": 0.116, "val/bbox_mAP_50": 0.176, "val/bbox_mAP_75": 0.124, "val/bbox_mAP_s": 0.0, "val/bbox_mAP_m": 0.01, "val/bbox_mAP_l": 0.145}