{"train/loss_rpn_cls": 0.009497871343046426, "train/loss_rpn_bbox": 0.017043166887015106, "train/s0.loss_cls": 0.18988265916705133, "train/s0.acc": 93.28124771118163, "train/s0.loss_bbox": 0.09449612554162741, "train/s1.loss_cls": 0.09339079894125461, "train/s1.acc": 93.09455261230468, "train/s1.loss_bbox": 0.09079119805246591, "train/s2.loss_cls": 0.045200824923813346, "train/s2.acc": 93.72191162109375, "train/s2.loss_bbox": 0.057545951940119265, "train/loss": 0.5978485956788063, "train/grad_norm": 6.78126163482666, "learning_rate": 3.969470344489268e-05, "momentum": 0.9, "_runtime": 31770, "_timestamp": 1634072034, "_step": 18420, "val/bbox_mAP": 0.444, "val/bbox_mAP_50": 0.598, "val/bbox_mAP_75": 0.482, "val/bbox_mAP_s": 0.035, "val/bbox_mAP_m": 0.119, "val/bbox_mAP_l": 0.52, "_wandb": {"runtime": 31782}}