{"train/loss_cls": 1.7745277166366578, "train/loss_bbox": 2.7878063201904295, "train/loss_obj": 3.795329523086548, "train/loss": 8.357663440704346, "learning_rate": 0.009931787535845673, "momentum": 0.9, "_runtime": 6219, "_timestamp": 1633680065, "_step": 9840, "val/bbox_mAP": 0.018, "val/bbox_mAP_50": 0.039, "val/bbox_mAP_75": 0.015, "val/bbox_mAP_s": 0.001, "val/bbox_mAP_m": 0.007, "val/bbox_mAP_l": 0.021}