{"train/loss_rpn_cls": 0.011815314600244164, "train/loss_rpn_bbox": 0.008802963327616454, "train/s0.loss_cls": 0.09438851289451122, "train/s0.acc": 96.298828125, "train/s0.loss_bbox": 0.08318051807582379, "train/s1.loss_cls": 0.04343834109604359, "train/s1.acc": 96.67835693359375, "train/s1.loss_bbox": 0.09169884026050568, "train/s2.loss_cls": 0.02296562399715185, "train/s2.acc": 96.57620544433594, "train/s2.loss_bbox": 0.05900472160428762, "train/loss": 0.4152948334813118, "train/grad_norm": 4.430957651138305, "learning_rate": 7.741611720520421e-08, "momentum": 0.9, "_runtime": 16398, "_timestamp": 1633955376, "_step": 9881, "val/bbox_mAP": 0.011, "val/bbox_mAP_50": 0.024, "val/bbox_mAP_75": 0.009, "val/bbox_mAP_s": 0.089, "val/bbox_mAP_m": 0.033, "val/bbox_mAP_l": 0.007, "_wandb": {"runtime": 16399}}