{"train/loss_rpn_cls": 0.15009359121322632, "train/loss_rpn_bbox": 0.4748744279146194, "train/s0.loss_cls": 0.11151185631752014, "train/s0.acc": 97.50890502929687, "train/s0.loss_bbox": 0.01837183628231287, "train/s1.loss_cls": 0.05464774258434772, "train/s1.acc": 98.29380950927734, "train/s1.loss_bbox": 0.008049050951376558, "train/s2.loss_cls": 0.031070842780172823, "train/s2.acc": 98.68395233154297, "train/s2.loss_bbox": 0.0022422320791520177, "train/loss": 0.8508615851402282, "train/grad_norm": 3.1668536901474, "learning_rate": 3.862e-05, "momentum": 0.9, "_runtime": 501, "_timestamp": 1632811674, "_step": 160}