{"train/loss_rpn_cls": 0.12299067117273807, "train/loss_rpn_bbox": 0.03114978475496173, "train/s0.loss_cls": 0.271941889077425, "train/s0.acc": 93.9599609375, "train/s0.loss_bbox": 0.1584646388888359, "train/s1.loss_cls": 0.08194794226437807, "train/s1.acc": 97.099609375, "train/s1.loss_bbox": 0.05271560586988926, "train/s2.loss_cls": 0.023473734315484763, "train/s2.acc": 98.5546875, "train/s2.loss_bbox": 0.009491113747935742, "train/loss": 0.7521753937005997, "train/grad_norm": 4.808422636985779, "learning_rate": 2.585e-05, "momentum": 0.9, "_runtime": 201, "_timestamp": 1633550596, "_step": 140}