{"train/loss_rpn_cls": 0.016764034051448107, "train/loss_rpn_bbox": 0.016558104986324908, "train/s0.loss_cls": 0.09774682000279426, "train/s0.acc": 96.23046875, "train/s0.loss_bbox": 0.08187130242586135, "train/s1.loss_cls": 0.03722057621926069, "train/s1.acc": 97.1675651550293, "train/s1.loss_bbox": 0.07278821617364883, "train/s2.loss_cls": 0.017854046635329725, "train/s2.acc": 97.59165420532227, "train/s2.loss_bbox": 0.046286027505993844, "train/loss": 0.3870891273021698, "train/grad_norm": 4.0662757396698, "learning_rate": 7.741611720520421e-08, "momentum": 0.9, "_runtime": 53855, "_timestamp": 1633829612, "_step": 38961, "val/bbox_mAP": 0.467, "val/bbox_mAP_50": 0.626, "val/bbox_mAP_75": 0.504, "val/bbox_mAP_s": 0.03, "val/bbox_mAP_m": 0.073, "val/bbox_mAP_l": 0.546, "_wandb": {"runtime": 53857}}