{"train/loss_rpn_cls": 0.04627559678629041, "train/loss_rpn_bbox": 0.017448953120037913, "train/s0.loss_cls": 0.21686794012784957, "train/s0.acc": 93.251953125, "train/s0.loss_bbox": 0.1067269466817379, "train/s1.loss_cls": 0.10129457488656043, "train/s1.acc": 93.18465576171874, "train/s1.loss_bbox": 0.08115678206086159, "train/s2.loss_cls": 0.04441628195345402, "train/s2.acc": 93.6864845275879, "train/s2.loss_bbox": 0.035720795206725595, "train/loss": 0.6499078691005706, "train/grad_norm": 3.101963663101196, "learning_rate": 3.454921573210236e-05, "momentum": 0.9, "_runtime": 25280, "_timestamp": 1633025019, "_step": 11856, "val/bbox_mAP": 0.294, "val/bbox_mAP_50": 0.418, "val/bbox_mAP_75": 0.321, "val/bbox_mAP_s": 0.003, "val/bbox_mAP_m": 0.062, "val/bbox_mAP_l": 0.355}