{"train/loss_rpn_cls": 0.010720499604940415, "train/loss_rpn_bbox": 0.02161898995982483, "train/s0.loss_cls": 0.19372793212532996, "train/s0.acc": 92.78645553588868, "train/s0.loss_bbox": 0.10370924063026905, "train/s1.loss_cls": 0.0873069230467081, "train/s1.acc": 94.02612915039063, "train/s1.loss_bbox": 0.09310838300734758, "train/s2.loss_cls": 0.042996821366250514, "train/s2.acc": 94.25558776855469, "train/s2.loss_bbox": 0.05209851013496518, "train/loss": 0.6052872955799102, "train/grad_norm": 7.223681211471558, "learning_rate": 4.40101910689568e-05, "momentum": 0.9, "_runtime": 243, "_timestamp": 1634089655, "_step": 13175}