{"train/loss_rpn_cls": 0.07839336413890123, "train/loss_rpn_bbox": 0.025386533094570042, "train/s0.loss_cls": 0.2592049799859524, "train/s0.acc": 92.7734375, "train/s0.loss_bbox": 0.15982443243265151, "train/s1.loss_cls": 0.11118768565356732, "train/s1.acc": 94.1259765625, "train/s1.loss_bbox": 0.09561579525470734, "train/s2.loss_cls": 0.04638883052393794, "train/s2.acc": 95.5029296875, "train/s2.loss_bbox": 0.04418061338365078, "train/loss": 0.8201822489500046, "train/grad_norm": 5.34254242181778, "learning_rate": 4.385e-05, "momentum": 0.9, "_runtime": 257, "_timestamp": 1633554047, "_step": 260}