{"train/loss_rpn_cls": 0.036092720739543435, "train/loss_rpn_bbox": 0.022092274110764264, "train/s0.loss_cls": 0.19694285988807678, "train/s0.acc": 94.08447265625, "train/s0.loss_bbox": 0.24178099036216735, "train/s1.loss_cls": 0.09737988114356995, "train/s1.acc": 94.035888671875, "train/s1.loss_bbox": 0.1024110570549965, "train/s2.loss_cls": 0.04434775523841381, "train/s2.acc": 94.45931625366211, "train/s2.loss_bbox": 0.03680274300277233, "train/loss": 0.7778502881526947, "train/grad_norm": 2.2291122913360595, "learning_rate": 9.263201558569639e-05, "momentum": 0.9, "_runtime": 4652, "_timestamp": 1632767280, "_step": 1755, "val/bbox_mAP": 0.215, "val/bbox_mAP_50": 0.351, "val/bbox_mAP_75": 0.229, "val/bbox_mAP_s": 0.001, "val/bbox_mAP_m": 0.038, "val/bbox_mAP_l": 0.259}