{"train/loss_cls": 1.1668061196804047, "train/loss_bbox": 0.7178725600242615, "train/loss_bbox_rf": 0.9679971635341644, "train/loss": 2.8526758670806887, "train/grad_norm": 13.455909538269044, "learning_rate": 1.8699999999999994e-05, "momentum": 0.9, "_runtime": 35, "_timestamp": 1633052133, "_step": 30}