{"train/loss_rpn_cls": 0.08975445628166198, "train/loss_rpn_bbox": 0.07900208868086338, "train/s0.loss_cls": 0.15827939361333848, "train/s0.acc": 96.98273620605468, "train/s0.loss_bbox": 0.06296547241508961, "train/s1.loss_cls": 0.035675442218780516, "train/s1.acc": 98.50087814331054, "train/s1.loss_bbox": 0.019077861122786997, "train/s2.loss_cls": 0.011506516486406326, "train/s2.acc": 98.96720352172852, "train/s2.loss_bbox": 0.008668697020038963, "train/loss": 0.4649299204349518, "train/grad_norm": 1.0294073939323425, "learning_rate": 0.00035519992846528653, "momentum": 0.9, "_runtime": 1182, "_timestamp": 1632856866, "_step": 144, "val/bbox_mAP": 0.0, "val/bbox_mAP_50": 0.001, "val/bbox_mAP_75": 0.0, "val/bbox_mAP_s": 0.0, "val/bbox_mAP_m": 0.0, "val/bbox_mAP_l": 0.0}