{"train/loss_rpn_cls": 0.633239084482193, "train/loss_rpn_bbox": 0.035651128320023415, "train/s0.loss_cls": 0.20212549567222596, "train/s0.acc": 96.8798828125, "train/s0.loss_bbox": 0.08875592984259129, "train/s1.loss_cls": 0.07204852662980557, "train/s1.acc": 98.4423828125, "train/s1.loss_bbox": 0.025626998208463193, "train/s2.loss_cls": 0.02864579129964113, "train/s2.acc": 98.5986328125, "train/s2.loss_bbox": 0.011369518539868294, "train/loss": 1.0974624931812287, "train/grad_norm": 5.3835420370101925, "learning_rate": 7.850000000000001e-06, "momentum": 0.9, "_runtime": 35, "_timestamp": 1633681970, "_step": 20, "_wandb": {"runtime": 44}}