{"train/loss_rpn_cls": 0.02682578160893172, "train/loss_rpn_bbox": 0.01940548266284168, "train/s0.loss_cls": 0.19715971276164054, "train/s0.acc": 93.7451171875, "train/s0.loss_bbox": 0.10226400792598725, "train/s1.loss_cls": 0.09851613491773606, "train/s1.acc": 93.93536911010742, "train/s1.loss_bbox": 0.08980899043381214, "train/s2.loss_cls": 0.04585133772343397, "train/s2.acc": 94.2586784362793, "train/s2.loss_bbox": 0.05179443545639515, "train/loss": 0.6316258981823921, "train/grad_norm": 4.635851144790649, "learning_rate": 4.9309252845205844e-05, "momentum": 0.9, "_runtime": 4503, "_timestamp": 1633690504, "_step": 3090, "val/bbox_mAP": 0.336, "val/bbox_mAP_50": 0.513, "val/bbox_mAP_75": 0.366, "val/bbox_mAP_s": 0.045, "val/bbox_mAP_m": 0.047, "val/bbox_mAP_l": 0.407, "_wandb": {"runtime": 4506}}