{"train/loss_rpn_cls": 0.08486997410655021, "train/loss_rpn_bbox": 0.03436235231347382, "train/s0.loss_cls": 0.3168914467096329, "train/s0.acc": 92.40234375, "train/s0.loss_bbox": 0.1398234836757183, "train/s1.loss_cls": 0.15179290249943733, "train/s1.acc": 92.3046875, "train/s1.loss_bbox": 0.11006867550313473, "train/s2.loss_cls": 0.06743483431637287, "train/s2.acc": 93.173828125, "train/s2.loss_bbox": 0.05116987824440002, "train/loss": 0.9564135432243347, "train/grad_norm": 7.507251334190369, "learning_rate": 7.142857142857143e-05, "momentum": 0.9, "_runtime": 337, "_timestamp": 1633103357, "_step": 830}