{"train/loss_rpn_cls": 0.008176772316801362, "train/loss_rpn_bbox": 0.01014956533908844, "train/s0.loss_cls": 0.07160270996391774, "train/s0.acc": 97.3681640625, "train/s0.loss_bbox": 0.05706198830157518, "train/s1.loss_cls": 0.0311325476039201, "train/s1.acc": 97.65824279785156, "train/s1.loss_bbox": 0.0619007870554924, "train/s2.loss_cls": 0.015285391116049141, "train/s2.acc": 97.56524658203125, "train/s2.loss_bbox": 0.04036492207087576, "train/loss": 0.2956746879965067, "train/grad_norm": 3.161891961097717, "learning_rate": 7.741611720520421e-08, "momentum": 0.9, "_runtime": 145778, "_timestamp": 1633521441, "_step": 39081, "val/bbox_mAP": 0.53, "val/bbox_mAP_50": 0.663, "val/bbox_mAP_75": 0.564, "val/bbox_mAP_s": 0.051, "val/bbox_mAP_m": 0.194, "val/bbox_mAP_l": 0.613, "_wandb": {"runtime": 145779}}