{"train/loss_rpn_cls": 0.678340208530426, "train/loss_rpn_bbox": 0.2321140944957733, "train/s0.loss_cls": 0.17622963041067125, "train/s0.acc": 96.455078125, "train/s0.loss_bbox": 0.020547578297555446, "train/s1.loss_cls": 0.057240449264645575, "train/s1.acc": 98.089599609375, "train/s1.loss_bbox": 0.00583525113761425, "train/s2.loss_cls": 0.019729368202388287, "train/s2.acc": 98.792724609375, "train/s2.loss_bbox": 0.0018571678432635964, "train/loss": 1.191893744468689, "train/grad_norm": 3.100896215438843, "learning_rate": 1.8819999999999993e-05, "momentum": 0.9, "_runtime": 127, "_timestamp": 1632809259, "_step": 50}