{"train/loss_rpn_cls": 0.008089212440972915, "train/loss_rpn_bbox": 0.01805280603002757, "train/s0.loss_cls": 0.07687248699367047, "train/s0.acc": 97.0703109741211, "train/s0.loss_bbox": 0.0552485449006781, "train/s1.loss_cls": 0.029215156473219393, "train/s1.acc": 98.07098846435547, "train/s1.loss_bbox": 0.05484202061779797, "train/s2.loss_cls": 0.01488859832752496, "train/s2.acc": 97.65541610717773, "train/s2.loss_bbox": 0.034609077498316765, "train/loss": 0.2918178953230381, "train/grad_norm": 5.371003437042236, "learning_rate": 1.7274869669450052e-05, "momentum": 0.9, "_runtime": 65, "_timestamp": 1634160731, "_step": 52060}