{"train/loss_rpn_cls": 0.08434046693146229, "train/loss_rpn_bbox": 0.18251335397362708, "train/s0.loss_cls": 0.18530846536159515, "train/s0.acc": 95.703125, "train/s0.loss_bbox": 0.08977341502904893, "train/s1.loss_cls": 0.04571683146059513, "train/s1.acc": 97.87841796875, "train/s1.loss_bbox": 0.027651699259877205, "train/s2.loss_cls": 0.013687352742999792, "train/s2.acc": 98.675537109375, "train/s2.loss_bbox": 0.01157710705883801, "train/loss": 0.6405687093734741, "train/grad_norm": 1.5622877120971679, "learning_rate": 9.911436342207191e-05, "momentum": 0.9, "_runtime": 2926, "_timestamp": 1632922782, "_step": 935, "val/bbox_mAP": 0.004, "val/bbox_mAP_50": 0.009, "val/bbox_mAP_75": 0.002, "val/bbox_mAP_s": 0.0, "val/bbox_mAP_m": 0.0, "val/bbox_mAP_l": 0.004}