{"train/loss_rpn_cls": 0.008219833381008356, "train/loss_rpn_bbox": 0.007807200460229069, "train/s0.loss_cls": 0.10542157050222159, "train/s0.acc": 97.4169921875, "train/s0.loss_bbox": 0.049622109066694974, "train/s1.loss_cls": 0.047858016472309826, "train/s1.acc": 97.3388671875, "train/s1.loss_bbox": 0.04014051230624318, "train/s2.loss_cls": 0.021167794382199644, "train/s2.acc": 97.578125, "train/s2.loss_bbox": 0.01772174786310643, "train/loss": 0.2979587785899639, "train/grad_norm": 1.7848788619041442, "learning_rate": 4.99229338827948e-05, "momentum": 0.9, "_runtime": 2083, "_timestamp": 1633928131, "_step": 1504, "val/bbox_mAP": 0.107, "val/bbox_mAP_50": 0.246, "val/bbox_mAP_75": 0.08, "val/bbox_mAP_s": 0.0, "val/bbox_mAP_m": 0.005, "val/bbox_mAP_l": 0.134, "_wandb": {"runtime": 2090}}