{"train/loss_rpn_cls": 0.10476160123944282, "train/loss_rpn_bbox": 0.02675642818212509, "train/s0.loss_cls": 0.310459166765213, "train/s0.acc": 94.2578125, "train/s0.loss_bbox": 0.12667408250272275, "train/s1.loss_cls": 0.10095868669450284, "train/s1.acc": 96.6162109375, "train/s1.loss_bbox": 0.05676108030602336, "train/s2.loss_cls": 0.030783830024302006, "train/s2.acc": 98.134765625, "train/s2.loss_bbox": 0.014233732968568802, "train/loss": 0.7713886082172394, "train/grad_norm": 3.2830661058425905, "learning_rate": 5.77e-05, "momentum": 0.9, "_runtime": 184, "_timestamp": 1632999709, "_step": 160}