{"train/loss_rpn_cls": 0.11503730781376362, "train/loss_rpn_bbox": 0.14395576402544974, "train/s0.loss_cls": 0.26088975980877877, "train/s0.acc": 95.63960678100585, "train/s0.loss_bbox": 0.0883028458058834, "train/s1.loss_cls": 0.08942605137825012, "train/s1.acc": 97.39264953613281, "train/s1.loss_bbox": 0.03258330410346389, "train/s2.loss_cls": 0.028643783107399942, "train/s2.acc": 98.32865676879882, "train/s2.loss_bbox": 0.012599675506353379, "train/loss": 0.771438495516777, "train/grad_norm": 2.8177419912815096, "learning_rate": 0.0003682, "momentum": 0.9, "_runtime": 267, "_timestamp": 1632857398, "_step": 150}