{"train/loss_rpn_cls": 0.020976672825490823, "train/loss_rpn_bbox": 0.04594432769052219, "train/s0.loss_cls": 0.18125044990330935, "train/s0.acc": 93.6728515625, "train/s0.loss_bbox": 0.10056079299654812, "train/s1.loss_cls": 0.07363667067606001, "train/s1.acc": 94.7744140625, "train/s1.loss_bbox": 0.08027983376989141, "train/s2.loss_cls": 0.02147057422087528, "train/s2.acc": 97.04296875, "train/s2.loss_bbox": 0.024718894439283757, "train/loss": 0.5488382195681334, "learning_rate": 1.6000000000000003e-07, "momentum": 0.9, "_runtime": 39948, "_timestamp": 1633891968, "_step": 94033, "val/bbox_mAP": 0.488, "val/bbox_mAP_50": 0.616, "val/bbox_mAP_75": 0.527, "val/bbox_mAP_s": 0.029, "val/bbox_mAP_m": 0.143, "val/bbox_mAP_l": 0.571, "_wandb": {"runtime": 39950}}