{"train/loss_rpn_cls": 0.03922581188380718, "train/loss_rpn_bbox": 0.020638533495366575, "train/s0.loss_cls": 0.33792259320616724, "train/s0.acc": 90.95703125, "train/s0.loss_bbox": 0.18030767664313316, "train/s1.loss_cls": 0.1512047253549099, "train/s1.acc": 92.587890625, "train/s1.loss_bbox": 0.11321557406336069, "train/s2.loss_cls": 0.06481482572853565, "train/s2.acc": 94.19921875, "train/s2.loss_bbox": 0.047365753538906576, "train/loss": 0.9546954929828644, "train/grad_norm": 4.922155904769897, "learning_rate": 5e-05, "momentum": 0.9, "_runtime": 435, "_timestamp": 1633995477, "_step": 450, "_wandb": {"runtime": 440}}