{"train/loss_rpn_cls": 0.13382795006036757, "train/loss_rpn_bbox": 0.47591148912906645, "train/s0.loss_cls": 0.09907096214592456, "train/s0.acc": 97.7510772705078, "train/s0.loss_bbox": 0.016353407828137278, "train/s1.loss_cls": 0.05085792932659387, "train/s1.acc": 98.40852661132813, "train/s1.loss_bbox": 0.007430780376307666, "train/s2.loss_cls": 0.030035945866256953, "train/s2.acc": 98.69429473876953, "train/s2.loss_bbox": 0.002334035758394748, "train/loss": 0.8158225297927857, "train/grad_norm": 2.413257348537445, "learning_rate": 4.042e-05, "momentum": 0.9, "_runtime": 542, "_timestamp": 1632812369, "_step": 170}