{"train/loss_rpn_cls": 0.5555576980113983, "train/loss_rpn_bbox": 0.02792169637978077, "train/s0.loss_cls": 0.2585152700543404, "train/s0.acc": 95.849609375, "train/s0.loss_bbox": 0.09924770668148994, "train/s1.loss_cls": 0.07176780849695205, "train/s1.acc": 98.10791015625, "train/s1.loss_bbox": 0.02632798394188285, "train/s2.loss_cls": 0.02673414722084999, "train/s2.acc": 98.916015625, "train/s2.loss_bbox": 0.004184103128500283, "train/loss": 1.0702564120292664, "train/grad_norm": 3.3209003686904905, "learning_rate": 1.8699999999999994e-05, "momentum": 0.9, "_runtime": 58, "_timestamp": 1633034385, "_step": 30, "_wandb": {"runtime": 72}}