{"train/loss_rpn_cls": 0.006602310431480874, "train/loss_rpn_bbox": 0.006824574340134859, "train/s0.loss_cls": 0.08179057911038398, "train/s0.acc": 96.9596321105957, "train/s0.loss_bbox": 0.044660757016390565, "train/s1.loss_cls": 0.030433956906199454, "train/s1.acc": 97.71135711669922, "train/s1.loss_bbox": 0.05239877896383405, "train/s2.loss_cls": 0.013910437980666757, "train/s2.acc": 97.7819938659668, "train/s2.loss_bbox": 0.03870544349774718, "train/loss": 0.27532683312892914, "train/grad_norm": 5.923251581192017, "learning_rate": 1.7274869669450052e-05, "momentum": 0.9, "_runtime": 158, "_timestamp": 1634160622, "_step": 52130}