{"train/loss_rpn_cls": 0.7018034279346466, "train/loss_rpn_bbox": 60.38135276436806, "train/s0.loss_cls": 0.21502038836479187, "train/s0.acc": 97.706298828125, "train/s0.loss_bbox": 0.026667873933911325, "train/s1.loss_cls": 0.08763819448649883, "train/s1.acc": 98.7426139831543, "train/s1.loss_bbox": 0.011155965737998486, "train/s2.loss_cls": 0.05121315903961658, "train/s2.acc": 99.02559661865234, "train/s2.loss_bbox": 0.004869283409789205, "train/loss": 61.479720783233645, "train/grad_norm": 51067.08373336792, "learning_rate": 1.3419999999999999e-05, "momentum": 0.9, "_runtime": 73, "_timestamp": 1632811781, "_step": 20}