{"train/loss_rpn_cls": 0.08278891313821077, "train/loss_rpn_bbox": 0.01595285111106932, "train/s0.loss_cls": 0.3039621412754059, "train/s0.acc": 91.962890625, "train/s0.loss_bbox": 0.17118469327688218, "train/s1.loss_cls": 0.050241169333457944, "train/s1.acc": 97.47314453125, "train/s1.loss_bbox": 0.0334049379453063, "train/s2.loss_cls": 0.008455653954297305, "train/s2.acc": 99.091796875, "train/s2.loss_bbox": 0.009585380740463733, "train/loss": 0.6755757242441177, "train/grad_norm": 2.0458236217498778, "learning_rate": 9.648882780558828e-05, "momentum": 0.9, "_runtime": 6174, "_timestamp": 1632891632, "_step": 3274, "val/bbox_mAP": 0.005, "val/bbox_mAP_50": 0.015, "val/bbox_mAP_75": 0.003, "val/bbox_mAP_s": 0.0, "val/bbox_mAP_m": 0.0, "val/bbox_mAP_l": 0.005}