{"train/loss_rpn_cls": 0.12914272136986255, "train/loss_rpn_bbox": 0.13743688799440862, "train/s0.loss_cls": 0.20563295111060143, "train/s0.acc": 96.9580078125, "train/s0.loss_bbox": 0.06087633855640888, "train/s1.loss_cls": 0.0578303275629878, "train/s1.acc": 98.31298828125, "train/s1.loss_bbox": 0.021155081875622272, "train/s2.loss_cls": 0.02085827081464231, "train/s2.acc": 98.7255859375, "train/s2.loss_bbox": 0.00949511369690299, "train/loss": 0.6424276679754257, "train/grad_norm": 0.9665025115013123, "learning_rate": 0.0009990133740804936, "momentum": 0.9, "_runtime": 1660, "_timestamp": 1632881771, "_step": 899}