{"train/loss_rpn_cls": 0.015758644742891192, "train/loss_rpn_bbox": 0.01812243345193565, "train/s0.loss_cls": 0.11551393605768681, "train/s0.acc": 95.654296875, "train/s0.loss_bbox": 0.07786080804653465, "train/s1.loss_cls": 0.048639547638595106, "train/s1.acc": 96.38285446166992, "train/s1.loss_bbox": 0.07454727413132786, "train/s2.loss_cls": 0.022876223735511302, "train/s2.acc": 96.56001586914063, "train/s2.loss_bbox": 0.04391458425670862, "train/loss": 0.4172334548085928, "train/grad_norm": 9.28414407968521, "learning_rate": 3.083626824345897e-05, "momentum": 0.9, "_runtime": 25081, "_timestamp": 1633371353, "_step": 17579, "val/bbox_mAP": 0.465, "val/bbox_mAP_50": 0.611, "val/bbox_mAP_75": 0.498, "val/bbox_mAP_s": 0.007, "val/bbox_mAP_m": 0.158, "val/bbox_mAP_l": 0.542}