{"train/loss_rpn_cls": 0.5163240373134613, "train/loss_rpn_bbox": 0.026568441465497018, "train/s0.loss_cls": 0.28854609429836275, "train/s0.acc": 94.6142578125, "train/s0.loss_bbox": 0.15262717753648758, "train/s1.loss_cls": 0.08251245468854904, "train/s1.acc": 97.7001953125, "train/s1.loss_bbox": 0.04239644818007946, "train/s2.loss_cls": 0.02411214793100953, "train/s2.acc": 98.8525390625, "train/s2.loss_bbox": 0.008433156972751021, "train/loss": 1.141519957780838, "train/grad_norm": 9.495118856430054, "learning_rate": 1.085e-05, "momentum": 0.9, "_runtime": 64, "_timestamp": 1633552784, "_step": 40, "_wandb": {"runtime": 66}}