{"train/loss_rpn_cls": 0.014570751204155385, "train/loss_rpn_bbox": 0.02074762302218005, "train/s0.loss_cls": 0.08628074475564063, "train/s0.acc": 96.474609375, "train/s0.loss_bbox": 0.06866157825570554, "train/s1.loss_cls": 0.03641926194541156, "train/s1.acc": 97.12653045654297, "train/s1.loss_bbox": 0.06311309919692576, "train/s2.loss_cls": 0.017973074794281275, "train/s2.acc": 97.25281600952148, "train/s2.loss_bbox": 0.03789763518143445, "train/loss": 0.345663757622242, "train/grad_norm": 3.0607869148254396, "learning_rate": 7.741611720520421e-08, "momentum": 0.9, "_runtime": 56647, "_timestamp": 1633748720, "_step": 39201, "val/bbox_mAP": 0.484, "val/bbox_mAP_50": 0.641, "val/bbox_mAP_75": 0.51, "val/bbox_mAP_s": 0.023, "val/bbox_mAP_m": 0.092, "val/bbox_mAP_l": 0.576, "_wandb": {"runtime": 56649}}