{"train/loss_rpn_cls": 0.11287850216031074, "train/loss_rpn_bbox": 0.1308246236294508, "train/s0.loss_cls": 0.21214091926813125, "train/s0.acc": 96.37716064453124, "train/s0.loss_bbox": 0.0724263209849596, "train/s1.loss_cls": 0.07686065174639226, "train/s1.acc": 97.67425003051758, "train/s1.loss_bbox": 0.029142762767150998, "train/s2.loss_cls": 0.032558271288871767, "train/s2.acc": 98.71944198608398, "train/s2.loss_bbox": 0.010257863579317928, "train/loss": 0.6770899087190628, "train/grad_norm": 6.875681155920029, "learning_rate": 0.0004995066826003858, "momentum": 0.9, "_runtime": 1296, "_timestamp": 1632883405, "_step": 699, "val/bbox_mAP": 0.0, "val/bbox_mAP_50": 0.0, "val/bbox_mAP_75": 0.0, "val/bbox_mAP_s": 0.0, "val/bbox_mAP_m": 0.0, "val/bbox_mAP_l": 0.0}