{"train/loss_cls": 0.0, "train/loss_bbox": 0.0, "train/loss_obj": 399.037158203125, "train/loss": 399.037158203125, "train/grad_norm": 2211.0937255859376, "learning_rate": 4.085e-05, "momentum": 0.9, "_runtime": 214, "_timestamp": 1633665174, "_step": 240, "_wandb": {"runtime": 219}}