{"train/loss_rpn_cls": 0.2435491144657135, "train/loss_rpn_bbox": 0.04754358641803265, "train/s0.loss_cls": 0.2763288959860802, "train/s0.acc": 93.663330078125, "train/s0.loss_bbox": 0.14234368801116942, "train/s1.loss_cls": 0.09368564486503601, "train/s1.acc": 96.40869140625, "train/s1.loss_bbox": 0.05858359225094319, "train/s2.loss_cls": 0.030279507860541344, "train/s2.acc": 98.07861328125, "train/s2.loss_bbox": 0.013004367146641016, "train/loss": 0.9053183972835541, "train/grad_norm": 5.744646811485291, "learning_rate": 1.8819999999999993e-05, "momentum": 0.9, "_runtime": 92, "_timestamp": 1632837956, "_step": 50, "_wandb": {"runtime": 94}}