{"train/loss_rpn_cls": 0.035752371745184065, "train/loss_rpn_bbox": 0.025080454256385564, "train/s0.loss_cls": 0.2419038388878107, "train/s0.acc": 92.94921875, "train/s0.loss_bbox": 0.12519179694354535, "train/s1.loss_cls": 0.1167788714170456, "train/s1.acc": 93.02223510742188, "train/s1.loss_bbox": 0.11643852852284908, "train/s2.loss_cls": 0.058478984609246255, "train/s2.acc": 93.32440795898438, "train/s2.loss_bbox": 0.058991252444684505, "train/loss": 0.7786161199212074, "train/grad_norm": 4.528527498245239, "learning_rate": 5e-05, "momentum": 0.9, "_runtime": 2248, "_timestamp": 1633619870, "_step": 1950}