{"train/loss_rpn_cls": 0.11416176147758961, "train/loss_rpn_bbox": 0.03473285939544439, "train/s0.loss_cls": 0.25909852981567383, "train/s0.acc": 93.350830078125, "train/s0.loss_bbox": 0.1333629757165909, "train/s1.loss_cls": 0.10803846567869187, "train/s1.acc": 94.508056640625, "train/s1.loss_bbox": 0.09150457754731178, "train/s2.loss_cls": 0.04221863448619843, "train/s2.acc": 95.9130859375, "train/s2.loss_bbox": 0.034193613938987254, "train/loss": 0.8173114120960235, "train/grad_norm": 3.800986981391907, "learning_rate": 3.502e-05, "momentum": 0.9, "_runtime": 242, "_timestamp": 1632838291, "_step": 140}