{"train/loss_rpn_cls": 0.108958138525486, "train/loss_rpn_bbox": 0.029441806487739086, "train/s0.loss_cls": 0.20821931809186936, "train/s0.acc": 94.00583267211914, "train/s0.loss_bbox": 0.10375463739037513, "train/s1.loss_cls": 0.10575306043028831, "train/s1.acc": 93.7539451599121, "train/s1.loss_bbox": 0.09311212673783302, "train/s2.loss_cls": 0.04994528628885746, "train/s2.acc": 94.01102447509766, "train/s2.loss_bbox": 0.048015246912837026, "train/loss": 0.7471996128559113, "train/grad_norm": 3.0039974212646485, "learning_rate": 4.9309252845205844e-05, "momentum": 0.9, "_runtime": 833, "_timestamp": 1633691989, "_step": 379, "val/bbox_mAP": 0.016, "val/bbox_mAP_50": 0.041, "val/bbox_mAP_75": 0.01, "val/bbox_mAP_s": 0.0, "val/bbox_mAP_m": 0.012, "val/bbox_mAP_l": 0.021}