{"train/loss_rpn_cls": 0.06327892988920211, "train/loss_rpn_bbox": 0.017400372540578246, "train/s0.loss_cls": 0.3238105088472366, "train/s0.acc": 91.60888671875, "train/s0.loss_bbox": 0.11502686589956283, "train/s1.loss_cls": 0.1506945349276066, "train/s1.acc": 91.50036544799805, "train/s1.loss_bbox": 0.08606051206588745, "train/s2.loss_cls": 0.06917434707283973, "train/s2.acc": 91.75017318725585, "train/s2.loss_bbox": 0.04145635887980461, "train/loss": 0.8669024229049682, "train/grad_norm": 2.803336000442505, "learning_rate": 7.131847697542115e-05, "momentum": 0.9, "_runtime": 4416, "_timestamp": 1633087337, "_step": 1418, "val/bbox_mAP": 0.097, "val/bbox_mAP_50": 0.157, "val/bbox_mAP_75": 0.105, "val/bbox_mAP_s": 0.0, "val/bbox_mAP_m": 0.027, "val/bbox_mAP_l": 0.118}