{"train/loss_rpn_cls": 0.09135305136442184, "train/loss_rpn_bbox": 0.02640603333711624, "train/s0.loss_cls": 0.33891711831092836, "train/s0.acc": 91.3330078125, "train/s0.loss_bbox": 0.1332630656659603, "train/s1.loss_cls": 0.15119703561067582, "train/s1.acc": 91.72964248657226, "train/s1.loss_bbox": 0.08901876583695412, "train/s2.loss_cls": 0.06402536518871785, "train/s2.acc": 93.03348312377929, "train/s2.loss_bbox": 0.03557396214455366, "train/loss": 0.9297543883323669, "train/grad_norm": 2.9019764184951784, "learning_rate": 7.131847697542115e-05, "momentum": 0.9, "_runtime": 4214, "_timestamp": 1633087135, "_step": 1318, "val/bbox_mAP": 0.097, "val/bbox_mAP_50": 0.157, "val/bbox_mAP_75": 0.105, "val/bbox_mAP_s": 0.0, "val/bbox_mAP_m": 0.027, "val/bbox_mAP_l": 0.118}