{"train/loss_rpn_cls": 0.06611669808626175, "train/loss_rpn_bbox": 0.02078475756570697, "train/s0.loss_cls": 0.3076704278588295, "train/s0.acc": 92.2216796875, "train/s0.loss_bbox": 0.11680063940584659, "train/s1.loss_cls": 0.143279467523098, "train/s1.acc": 92.27946090698242, "train/s1.loss_bbox": 0.08860769011080265, "train/s2.loss_cls": 0.06258224919438363, "train/s2.acc": 92.84881439208985, "train/s2.loss_bbox": 0.038858648762106894, "train/loss": 0.8447005987167359, "train/grad_norm": 3.029159426689148, "learning_rate": 7.131847697542115e-05, "momentum": 0.9, "_runtime": 3459, "_timestamp": 1633086380, "_step": 948, "val/bbox_mAP": 0.097, "val/bbox_mAP_50": 0.157, "val/bbox_mAP_75": 0.105, "val/bbox_mAP_s": 0.0, "val/bbox_mAP_m": 0.027, "val/bbox_mAP_l": 0.118}