{"train/loss_rpn_cls": 0.1016349095851183, "train/loss_rpn_bbox": 0.0355696989223361, "train/s0.loss_cls": 0.32771646082401273, "train/s0.acc": 91.55029296875, "train/s0.loss_bbox": 0.14343765750527382, "train/s1.loss_cls": 0.14277200326323508, "train/s1.acc": 92.12784423828126, "train/s1.loss_bbox": 0.09827163293957711, "train/s2.loss_cls": 0.06040355637669563, "train/s2.acc": 93.38763046264648, "train/s2.loss_bbox": 0.041093993186950686, "train/loss": 0.9508999228477478, "train/grad_norm": 2.8155972599983214, "learning_rate": 7.131847697542115e-05, "momentum": 0.9, "_runtime": 3643, "_timestamp": 1633086564, "_step": 1038, "val/bbox_mAP": 0.097, "val/bbox_mAP_50": 0.157, "val/bbox_mAP_75": 0.105, "val/bbox_mAP_s": 0.0, "val/bbox_mAP_m": 0.027, "val/bbox_mAP_l": 0.118}