{"train/loss_rpn_cls": 0.08119575753808021, "train/loss_rpn_bbox": 0.026346574444323777, "train/s0.loss_cls": 0.387430927157402, "train/s0.acc": 89.9609375, "train/s0.loss_bbox": 0.14773538559675217, "train/s1.loss_cls": 0.17999390065670012, "train/s1.acc": 90.10510711669922, "train/s1.loss_bbox": 0.10958503298461438, "train/s2.loss_cls": 0.07892547883093357, "train/s2.acc": 91.00769424438477, "train/s2.loss_bbox": 0.05212413221597671, "train/loss": 1.0633371829986573, "train/grad_norm": 3.1298170566558836, "learning_rate": 7.131847697542115e-05, "momentum": 0.9, "_runtime": 3480, "_timestamp": 1633086401, "_step": 958, "val/bbox_mAP": 0.097, "val/bbox_mAP_50": 0.157, "val/bbox_mAP_75": 0.105, "val/bbox_mAP_s": 0.0, "val/bbox_mAP_m": 0.027, "val/bbox_mAP_l": 0.118}