{"train/loss_rpn_cls": 0.08154294565320015, "train/loss_rpn_bbox": 0.03055262193083763, "train/s0.loss_cls": 0.31083972156047823, "train/s0.acc": 92.4755859375, "train/s0.loss_bbox": 0.12113862261176109, "train/s1.loss_cls": 0.13280883133411409, "train/s1.acc": 93.1494140625, "train/s1.loss_bbox": 0.07733967751264573, "train/s2.loss_cls": 0.05887182764708996, "train/s2.acc": 93.87029800415038, "train/s2.loss_bbox": 0.034394252579659224, "train/loss": 0.8474884927272797, "train/grad_norm": 2.374448573589325, "learning_rate": 7.131847697542115e-05, "momentum": 0.9, "_runtime": 3148, "_timestamp": 1633086069, "_step": 798, "val/bbox_mAP": 0.097, "val/bbox_mAP_50": 0.157, "val/bbox_mAP_75": 0.105, "val/bbox_mAP_s": 0.0, "val/bbox_mAP_m": 0.027, "val/bbox_mAP_l": 0.118}