{"train/loss_rpn_cls": 0.09127589277923107, "train/loss_rpn_bbox": 0.028968405537307264, "train/s0.loss_cls": 0.37166544497013093, "train/s0.acc": 90.673828125, "train/s0.loss_bbox": 0.14779525399208068, "train/s1.loss_cls": 0.16277959272265435, "train/s1.acc": 91.68776397705078, "train/s1.loss_bbox": 0.09720911532640457, "train/s2.loss_cls": 0.06912128850817681, "train/s2.acc": 92.90139389038086, "train/s2.loss_bbox": 0.03879179209470749, "train/loss": 1.0076067864894866, "train/grad_norm": 3.2816263318061827, "learning_rate": 7.131847697542115e-05, "momentum": 0.9, "_runtime": 3786, "_timestamp": 1633086707, "_step": 1108, "val/bbox_mAP": 0.097, "val/bbox_mAP_50": 0.157, "val/bbox_mAP_75": 0.105, "val/bbox_mAP_s": 0.0, "val/bbox_mAP_m": 0.027, "val/bbox_mAP_l": 0.118}