{"train/loss_rpn_cls": 0.07147725187242031, "train/loss_rpn_bbox": 0.023389849904924633, "train/s0.loss_cls": 0.29710673093795775, "train/s0.acc": 92.15087890625, "train/s0.loss_bbox": 0.10239220634102822, "train/s1.loss_cls": 0.14516036882996558, "train/s1.acc": 91.84983444213867, "train/s1.loss_bbox": 0.07869998812675476, "train/s2.loss_cls": 0.06454149968922138, "train/s2.acc": 92.12295761108399, "train/s2.loss_bbox": 0.03485304284840822, "train/loss": 0.8176209568977356, "train/grad_norm": 2.9466118454933166, "learning_rate": 7.04417897788655e-05, "momentum": 0.9, "_runtime": 9530, "_timestamp": 1633092451, "_step": 2424, "val/bbox_mAP": 0.204, "val/bbox_mAP_50": 0.313, "val/bbox_mAP_75": 0.215, "val/bbox_mAP_s": 0.0, "val/bbox_mAP_m": 0.075, "val/bbox_mAP_l": 0.242}