{"train/loss_rpn_cls": 1293.4123480632902, "train/loss_rpn_bbox": 0.1697548810392618, "train/s0.loss_cls": 70782.7034390673, "train/s0.acc": 76.77384719848632, "train/s0.loss_bbox": 0.45884456522762773, "train/s1.loss_cls": 61914.95440785214, "train/s1.acc": 77.91592636108399, "train/s1.loss_bbox": 0.277151452889666, "train/s2.loss_cls": 59227.418594657254, "train/s2.acc": 77.87031326293945, "train/s2.loss_bbox": 0.1661865336354822, "train/loss": 193219.5660857439, "train/grad_norm": 48023712.55282371, "learning_rate": 0.0009622, "momentum": 0.9, "_runtime": 844, "_timestamp": 1632852793, "_step": 480, "_wandb": {"runtime": 966}}