{"train/loss_rpn_cls": 0.6190395951271057, "train/loss_rpn_bbox": 0.030608020443469285, "train/s0.loss_cls": 0.11417852435261011, "train/s0.acc": 98.28124694824218, "train/s0.loss_bbox": 0.017574536288157104, "train/s1.loss_cls": 0.04444674802944064, "train/s1.acc": 98.4635398864746, "train/s1.loss_bbox": 0.006846868142019957, "train/s2.loss_cls": 0.02106679305434227, "train/s2.acc": 98.36588287353516, "train/s2.loss_bbox": 0.0032637649943353607, "train/loss": 0.8570248425006867, "train/grad_norm": 2.8408981442451475, "learning_rate": 9.349999999999997e-06, "momentum": 0.9, "_runtime": 51, "_timestamp": 1634037239, "_step": 30}