{"train/loss_rpn_cls": 0.60804083943367, "train/loss_rpn_bbox": 0.01878783795982599, "train/s0.loss_cls": 0.05390516463667154, "train/s0.acc": 99.19921646118163, "train/s0.loss_bbox": 0.016260278201662003, "train/s1.loss_cls": 0.0232967684045434, "train/s1.acc": 99.18619537353516, "train/s1.loss_bbox": 0.003885251600877382, "train/s2.loss_cls": 0.011517107812687754, "train/s2.acc": 99.3033836364746, "train/s2.loss_bbox": 0.0012910428325994872, "train/loss": 0.7369842946529388, "train/grad_norm": 2.5420995473861696, "learning_rate": 9.349999999999997e-06, "momentum": 0.9, "_runtime": 52, "_timestamp": 1633996700, "_step": 30}