{"train/loss_rpn_cls": 0.10906073711812496, "train/loss_rpn_bbox": 0.05494365785270929, "train/s0.loss_cls": 0.4162988349795341, "train/s0.acc": 89.4140625, "train/s0.loss_bbox": 0.21032479405403137, "train/s1.loss_cls": 0.16233569830656053, "train/s1.acc": 92.158203125, "train/s1.loss_bbox": 0.13057929687201977, "train/s2.loss_cls": 0.054974165931344035, "train/s2.acc": 94.94140625, "train/s2.loss_bbox": 0.03831538185477257, "train/loss": 1.1768325328826905, "train/grad_norm": 5.787599086761475, "learning_rate": 5e-05, "momentum": 0.9, "_runtime": 363, "_timestamp": 1633622237, "_step": 460}