{"train/loss_rpn_cls": 0.06648814901709557, "train/loss_rpn_bbox": 0.024557528225705026, "train/s0.loss_cls": 0.24329275488853455, "train/s0.acc": 92.421875, "train/s0.loss_bbox": 0.12067662924528122, "train/s1.loss_cls": 0.11597540378570556, "train/s1.acc": 92.2697654724121, "train/s1.loss_bbox": 0.09757896214723587, "train/s2.loss_cls": 0.05297828875482082, "train/s2.acc": 92.92085571289063, "train/s2.loss_bbox": 0.042686525732278824, "train/loss": 0.7642342418432235, "train/grad_norm": 2.9927807092666625, "learning_rate": 7.679136295761008e-05, "momentum": 0.9, "_runtime": 13028, "_timestamp": 1632905408, "_step": 4166, "val/bbox_mAP": 0.223, "val/bbox_mAP_50": 0.336, "val/bbox_mAP_75": 0.244, "val/bbox_mAP_s": 0.001, "val/bbox_mAP_m": 0.03, "val/bbox_mAP_l": 0.268}