{"train/loss_cls": 1.9647960901260375, "train/loss_bbox": 3.2666820287704468, "train/loss_obj": 4.567827415466309, "train/loss": 9.799305629730224, "train/grad_norm": 8.39553942680359, "learning_rate": 9.997532819099046e-05, "momentum": 0.9, "_runtime": 1216, "_timestamp": 1633768270, "_step": 1121, "val/bbox_mAP": 0.0, "val/bbox_mAP_50": 0.001, "val/bbox_mAP_75": 0.0, "val/bbox_mAP_s": 0.0, "val/bbox_mAP_m": 0.0, "val/bbox_mAP_l": 0.0, "_wandb": {"runtime": 1227}}