{"train/loss_rpn_cls": 0.029748078808188437, "train/loss_rpn_bbox": 0.02394350217655301, "train/s0.loss_cls": 0.18462237790226937, "train/s0.acc": 93.57421646118163, "train/s0.loss_bbox": 0.1134164072573185, "train/s1.loss_cls": 0.08498727027326822, "train/s1.acc": 94.09183273315429, "train/s1.loss_bbox": 0.10126094929873944, "train/s2.loss_cls": 0.03997988719493151, "train/s2.acc": 93.88939895629883, "train/s2.loss_bbox": 0.05798380151391029, "train/loss": 0.6359422713518142, "train/grad_norm": 7.128483724594116, "learning_rate": 4.1236262554846126e-05, "momentum": 0.9, "_runtime": 24541, "_timestamp": 1634036973, "_step": 15376, "val/bbox_mAP": 0.435, "val/bbox_mAP_50": 0.592, "val/bbox_mAP_75": 0.473, "val/bbox_mAP_s": 0.013, "val/bbox_mAP_m": 0.111, "val/bbox_mAP_l": 0.511, "_wandb": {"runtime": 24547}}