{"train/loss_rpn_cls": 0.20366632342338561, "train/loss_rpn_bbox": 0.04510433622635901, "train/s0.loss_cls": 0.22604192569851875, "train/s0.acc": 95.15625, "train/s0.loss_bbox": 0.12792324051260948, "train/s1.loss_cls": 0.05988119412213564, "train/s1.acc": 97.8955078125, "train/s1.loss_bbox": 0.030689491517841817, "train/s2.loss_cls": 0.022727409517392515, "train/s2.acc": 98.65234375, "train/s2.loss_bbox": 0.007183162018191069, "train/loss": 0.7232171148061752, "train/grad_norm": 4.051690471172333, "learning_rate": 2.1928571428571427e-05, "momentum": 0.9, "_runtime": 75, "_timestamp": 1633123023, "_step": 70}