{"train/loss_rpn_cls": 0.7136745691299439, "train/loss_rpn_bbox": 13.450234325230122, "train/s0.loss_cls": 0.23218743577599527, "train/s0.acc": 96.611328125, "train/s0.loss_bbox": 0.07051946595311165, "train/s1.loss_cls": 0.058903050422668454, "train/s1.acc": 98.57177734375, "train/s1.loss_bbox": 0.019017012044787406, "train/s2.loss_cls": 0.02063624802976847, "train/s2.acc": 99.01611328125, "train/s2.loss_bbox": 0.009547795867547393, "train/loss": 14.57471959590912, "train/grad_norm": 1578.3985754966736, "learning_rate": 1.5220000000000002e-05, "momentum": 0.9, "_runtime": 91, "_timestamp": 1632918308, "_step": 30}