{"train/loss_cls": 1.7093411684036255, "train/loss_bbox": 3.706135296821594, "train/loss_obj": 5.261553192138672, "train/loss": 10.677029800415038, "learning_rate": 0.001015119541989202, "momentum": 0.9, "_runtime": 494, "_timestamp": 1633673819, "_step": 779, "val/bbox_mAP": 0.0, "val/bbox_mAP_50": 0.0, "val/bbox_mAP_75": 0.0, "val/bbox_mAP_s": 0.0, "val/bbox_mAP_m": 0.0, "val/bbox_mAP_l": 0.0}